Workbook

Sheet P&G
A2: =Summary!A2 -> NAFASI WATER - ARNOT WASTE TREATMENT PLANT | G2: =Summary!C2 -> Revision T1
A3: PRELIMINARY AND GENERAL
A4: SECTION 1 - BILL OF QUANTITIES | G4: =+Summary!C4 -> 45183
A6: ITEM NO | B6: PAY REF | C6: DESCRIPTION | D6: UNIT | E6: QTY | F6: RATE | G6: AMOUNT
B8: SANS 1200A | C8: SECTION 1 - PRELIMINARY AND GENERAL
C9: (Applicable to the whole of the Works)
B11: 8.3 | C11: FIXED CHARGE ITEMS
A13: 1 | B13: 8.3.1 | C13: Contractual requirements (excluding insurance and performance bond) | D13: SUM | E13: 1 | G13: =+E13*F13 -> 0
B15: 8.3.2 | C15: Establishment of Facilities on the Site
B17: 8.3.2.1 | C17: Facilities for Engineer
B19: 8.3.2.1a | C19: Furnished Office (1 No) | D19: SUM | E19: 1 | G19: =+E19*F19 -> 0
B21: 8.3.2.1c | C21: Nameboard (1 No). | D21: SUM | E21: 1 | G21: =+E21*F21 -> 0
B23: 8.3.2.2 | C23: Facilities for Contractor
A25: 2 | B25: 8.3.2.2a | C25: Offices and storage sheds. | D25: SUM | E25: 1 | G25: =+E25*F25 -> 0
A27: 3 | B27: 8.3.2.2b | C27: Workshops. | D27: SUM | E27: 1 | G27: =+E27*F27 -> 0
A29: 4 | B29: 8.3.2.2c | C29: Laboratories. | D29: SUM | E29: 1 | G29: =+E29*F29 -> 0
A31: 5 | B31: 8.3.2.2d | C31: Living accommodation. | D31: SUM | E31: 1 | G31: =+E31*F31 -> 0
A33: 6 | B33: 8.3.2.2e | C33: Ablution and latrine facilities. | D33: SUM | E33: 1 | G33: =+E33*F33 -> 0
A35: 7 | B35: 8.3.2.2f | C35: Tools and equipment. | D35: SUM | E35: 1 | G35: =+E35*F35 -> 0
A37: 8 | B37: 8.3.2.2g | C37: Water supplies, electric power and communications | D37: SUM | E37: 1 | G37: =+E37*F37 -> 0
A39: 9 | B39: 8.3.2.2h | C39: Dealing with water | D39: SUM | E39: 1 | G39: =+E39*F39 -> 0
A41: 10 | B41: 8.3.2.2i | C41: Access | D41: SUM | E41: 1 | G41: =+E41*F41 -> 0
A43: 11 | B43: 8.3.2.2j | C43: Plant | D43: SUM | E43: 1 | G43: =+E43*F43 -> 0
A45: 12 | B45: 8.3.3 | C45: Other fixed charge obligations. | D45: SUM | E45: 1 | G45: =+E45*F45 -> 0
A47: 13 | B47: 8.3.4 | C47: Removal of site establishment. | D47: SUM | E47: 1 | G47: =+E47*F47 -> 0
... A51: 15 | B51: PSA 8.3.6 | C51: Performance Bond | D51: SUM | E51: 1 | G51: =+E51*F51 -> 0
B53: 8.3 | C53: VALUE RELATED ITEMS
A55: 16 | B55: 8.3.1 | C55: Contractual requirements (excluding insurance and performance bond) | D55: SUM | E55: 1 | G55: =+E55*F55 -> 0
A60: CARRIED FORWARD | G60: =SUM(G7:G59) -> 0
A63: ITEM NO | B63: PAY REF | C63: DESCRIPTION | D63: UNIT | E63: QTY | F63: RATE | G63: AMOUNT
A64: BROUGHT FORWARD | G64: =+G60 -> 0
B66: 8.3.2 | C66: Establishment of Facilities on the Site
B68: 8.3.2.1 | C68: Facilities for Engineer
A70: 17 | B70: 8.3.2.1a | C70: Furnished Office (1 No) | D70: SUM | E70: 1 | G70: =+E70*F70 -> 0
A72: 18 | B72: 8.3.2.1c | C72: Nameboard (1 No). | D72: SUM | E72: 1 | G72: =+E72*F72 -> 0
B74: 8.3.2.2 | C74: Facilities for Contractor
A76: 19 | B76: 8.3.2.2a | C76: Offices and storage sheds. | D76: SUM | E76: 1 | G76: =+E76*F76 -> 0
A78: 20 | B78: 8.3.2.2b | C78: Workshops. | D78: SUM | E78: 1 | G78: =+E78*F78 -> 0
A80: 21 | B80: 8.3.2.2c | C80: Laboratories. | D80: SUM | E80: 1 | G80: =+E80*F80 -> 0
A82: 22 | B82: 8.3.2.2d | C82: Living accommodation. | D82: SUM | E82: 1 | G82: =+E82*F82 -> 0
A84: 23 | B84: 8.3.2.2e | C84: Ablution and latrine facilities. | D84: SUM | E84: 1 | G84: =+E84*F84 -> 0
A86: 24 | B86: 8.3.2.2f | C86: Tools and equipment. | D86: SUM | E86: 1 | G86: =+E86*F86 -> 0
A88: 25 | B88: 8.3.2.2g | C88: Water supplies, electric power and communications | D88: SUM | E88: 1 | G88: =+E88*F88 -> 0
A90: 26 | B90: 8.3.2.2h | C90: Dealing with water | D90: SUM | E90: 1 | G90: =+E90*F90 -> 0
A92: 27 | B92: 8.3.2.2i | C92: Access | D92: SUM | E92: 1 | G92: =+E92*F92 -> 0
A94: 28 | B94: 8.3.2.2j | C94: Plant | D94: SUM | E94: 1 | G94: =+E94*F94 -> 0
A96: 29 | B96: 8.3.3 | C96: Other value related obligations. | D96: SUM | E96: 1 | G96: =+E96*F96 -> 0
A98: 30 | B98: 8.3.4 | C98: Removal of site establishment. | D98: SUM | E98: 1 | G98: =+E98*F98 -> 0
... A102: 32 | B102: PSA 8.3.6 | C102: Performance Bond | D102: SUM | E102: 1 | G102: =+E102*F102 -> 0
B104: 8.4 | C104: TIME RELATED ITEMS
A106: 33 | B106: 8.4.1 | C106: Contractual requirements (excluding insurance and performance bond) | D106: SUM | E106: 1 | G106: =+E106*F106 -> 0
B108: 8.4.2 | C108: Operation and Maintenance of Facilities on Site, for Duration of Construction, (unless otherwise stated)
B110: 8.4.2.1 | C110: Facilities for Engineer
A112: 34 | B112: 8.4.2.1a | C112: Furnished Office (1 No) | D112: SUM | E112: 1 | G112: =+E112*F112 -> 0
A114: 35 | B114: 8.4.2.1c | C114: Nameboard (1 No). | D114: SUM | E114: 1 | G114: =+E114*F114 -> 0
A116: 36 | B116: 8.4.2.1d | C116: Survey assistants and material | D116: SUM | E116: 1 | G116: =+E116*F116 -> 0
A119: CARRIED FORWARD | G119: =SUM(G64:G117) -> 0
A122: ITEM NO | B122: PAY REF | C122: DESCRIPTION | D122: UNIT | E122: QTY | F122: RATE | G122: AMOUNT
A123: BROUGHT FORWARD | G123: =+G119 -> 0
B125: 8.4.2.2 | C125: Facilities for Contractor
A127: 37 | B127: 8.4.2.2a | C127: Offices and storage sheds. | D127: SUM | E127: 1 | G127: =+E127*F127 -> 0
A129: 38 | B129: 8.4.2.2b | C129: Workshops. | D129: SUM | E129: 1 | G129: =+E129*F129 -> 0
A131: 39 | B131: 8.4.2.2c | C131: Laboratories. | D131: SUM | E131: 1 | G131: =+E131*F131 -> 0
A133: 40 | B133: 8.4.2.2d | C133: Living accommodation. | D133: SUM | E133: 1 | G133: =+E133*F133 -> 0
A135: 41 | B135: 8.4.2.2e | C135: Ablution and latrine facilities. | D135: SUM | E135: 1 | G135: =+E135*F135 -> 0
A137: 42 | B137: 8.4.2.2f | C137: Tools and equipment. | D137: SUM | E137: 1 | G137: =+E137*F137 -> 0
A139: 43 | B139: 8.4.2.2g | C139: Water supplies, electric power and communications | D139: SUM | E139: 1 | G139: =+E139*F139 -> 0
A141: 44 | B141: 8.4.2.2h | C141: Dealing with water | D141: SUM | E141: 1 | G141: =+E141*F141 -> 0
A143: 45 | B143: 8.4.2.2i | C143: Access | D143: SUM | E143: 1 | G143: =+E143*F143 -> 0
A145: 46 | B145: 8.4.2.2j | C145: Plant | D145: SUM | E145: 1 | G145: =+E145*F145 -> 0
A147: 47 | B147: 8.4.3 | C147: Supervision for duration of construction. | D147: SUM | E147: 1 | G147: =+E147*F147 -> 0
A149: 48 | B149: 8.4.4 | C149: Company and head office overhead costs for duration of construction. | D149: SUM | E149: 1 | G149: =+E149*F149 -> 0
... A155: 51 | B155: PSA 8.4.7 | C155: Performance Bond | D155: SUM | E155: 1 | G155: =+E155*F155 -> 0
B157: SANS 1200A | C157: SUMS STATED PROVISIONALLY BY ENGINEER
B159: 8.8 | C159: TEMPORARY WORKS
A161: 52 | C161: Excavation by hand in soft material to expose existing services | D161: m3 | E161: 25 | G161: =+F161*E161 -> 0
A175: TOTAL AMOUNT FOR SECTION CARRIED TO SUMMARY | G175: =0.35*Summary!F54 -> 19004796

Sheet RO Building
A1: GEORGE BIOMASS POWER PLANT
A2: =Summary!A2 -> NAFASI WATER - ARNOT WASTE TREATMENT PLANT | G2: =Summary!C2 -> Revision T1
A3: =Summary!A3 -> PILING AND CIVIL WORK
A4: SECTION 2 - BILL OF QUANTITIES | G4: =Summary!C4 -> 45183
A6: ITEM NO | B6: PAY REF | C6: DESCRIPTION | D6: UNIT | E6: QTY | F6: RATE | G6: AMOUNT | I6: Foundations | J6: Surface Bed | K6: Building Works | L6: Pump Plinths
C8: RO BUILDING
B10: SANS 1200F | C10: PILING (BORED PILES) | E10: =IF(SUM(H10:R10)>0,SUM(H10:R10),"")
E11: =IF(SUM(H11:R11)>0,SUM(H11:R11),"")
C12: Move equipment and setup: | E12: =IF(SUM(H12:R12)>0,SUM(H12:R12),"")
E13: =IF(SUM(H13:R13)>0,SUM(H13:R13),"")
A14: 1 | C14: Move equipment to and set up each pile position for heavy bored cast-in-situ piles (610mm Pile diameter) | D14: No | E14: =SUM(I14:S14) -> 0 | F14: 1150 | G14: =+E14*F14 -> 0 | I14: 0 | J14: 0 | K14: 0 | L14: 0
C16: Bore Holes for Piles:
C17: Bored holes for cast-in-situ piles of 610mm diameter (heavy) through material situated in the following successive depth ranges:
A19: 2 | C19: 0m up to 10m | D19: m | E19: =SUM(I19:S19) -> 0 | F19: 1850 | G19: =+E19*F19 -> 0 | I19: =I14*10 -> 0 | J19: =J14*10 -> 0 | K19: =K14*10 -> 0 | L19: =L14*10 -> 0
A21: 3 | C21: 10m up to 20m | D21: m | E21: =SUM(I21:S21) -> 0 | F21: =F19 -> 1850 | G21: =+E21*F21 -> 0 | I21: =I14*5 -> 0 | J21: =J14*5 -> 0 | K21: =K14*5 -> 0 | L21: =L14*5 -> 0
C23: Forming of Bulbous bases:
A25: 4 | C25: For DCS piles of 610mm diameter | D25: No | E25: =SUM(I25:S25) -> 0 | F25: 1250 | G25: =+E25*F25 -> 0 | I25: =I14 -> 0 | J25: =J14 -> 0 | K25: =K14 -> 0 | L25: =L14 -> 0
C27: Steel reinforcement in cast-in-situ piles:
A29: 5 | C29: Mild steel, Plain | D29: t | E29: =SUM(I29:S29) -> 0 | F29: 29500 | G29: =+E29*F29 -> 0 | I29: =(I19+I21)*0.00325 -> 0 | J29: =(J19+J21)*0.00325 -> 0 | K29: =(K19+K21)*0.00325 -> 0 | L29: =(L19+L21)*0.00325 -> 0
A31: 6 | C31: High yield stress steel | D31: t | E31: =SUM(I31:S31) -> 0 | F31: 28000 | G31: =+E31*F31 -> 0 | I31: =(I19+I21)*0.0215 -> 0 | J31: =(J19+J21)*0.0215 -> 0 | K31: =(K19+K21)*0.0215 -> 0 | L31: =(L19+L21)*0.0215 -> 0
C33: Concrete for cast-in-situ piles, under reams and sockets:
A35: 7 | C35: Compressive Strength 30Mpa/19mm
C37: Piles | D37: m3 | E37: =SUM(I37:S37) -> 0 | F37: 3500 | G37: =+E37*F37 -> 0 | I37: =((I19+I21)*0.292)+(I14*0.75) -> 0 | J37: =((J19+J21)*0.292)+(J14*0.75) -> 0 | K37: =((K19+K21)*0.292)+(K14*0.75) -> 0 | L37: =((L19+L21)*0.292)+(L14*0.75) -> 0
B39: PSF 8.2.20 | C39: Strip / cut heads off:
A41: 8 | C41: 610mm diameter bored pile | D41: No | E41: =SUM(I41:S41) -> 0 | F41: 875 | G41: =+E41*F41 -> 0 | I41: =I14 -> 0 | J41: =J14 -> 0 | K41: =K14 -> 0 | L41: =L14 -> 0
B43: SANS 1200D | C43: EARTHWORKS
A45: 9 | B45: 8.3.3 | C45: Rip and scarify in-situ material for a depth of 150mm, breaking down oversize material, adding suitable material where necessary and compact to 93% Mod AASHTO density | D45: m2 | E45: =SUM(I45:S45) -> 1485 | F45: 225 | G45: =+E45*F45 -> 334125 | J45: 1485
A50: CARRIED FORWARD | G50: =SUM(G7:G49) -> 334125
A53: ITEM NO | B53: PAY REF | C53: DESCRIPTION | D53: UNIT | E53: QTY | F53: RATE | G53: AMOUNT
A54: BROUGHT FORWARD | G54: =+G50 -> 334125
B56: 1200D | C56: EARTHWORKS
B58: 8.3.3 | C58: Restricted excavation
C60: Excavation for restricted foundations in all materials and dispose spoil material at a site provided by the Contractor
A62: 10 | C62: Depth up to 2m | D62: m3 | E62: =SUM(I62:S62) -> 106 | F62: 175 | G62: =+E62*F62 -> 18550 | I62: 106 | J62: 0
C64: Extra overs on Item above for:
A66: 11 | C66: Soilcrete backfill under structures as indicated on the drawings or directed by the Engineer | D66: m3 | E66: =SUM(I66:S66) -> 0 | F66: 950 | G66: =+E66*F66 -> 0 | I66: 0 | J66: 0
C68: (The aggregate of soilcrete shall be mixed with 5% cement of volume and shall consist of approved soil or gravel containing stones, obtained from commercial sources, not bigger than 38mm and with a plasticity index not exceeding 10)
B70: 8.3.4 | C70: Importing of materials
C72: Extra over item for importation of materials from commercial sources:
A74: 12 | C74: Backfill with G5 material compacted to 93% MOD AASHTO from commercial sources selected by the Contractor | D74: m3 | E74: =SUM(I74:S74) -> 55 | F74: 725 | G74: =+E74*F74 -> 39875 | I74: 55
B76: SANS 1200G | C76: CONCRETE (STRUCTURAL)
B78: 8.2 | C78: SCHEDULED FORMWORK ITEMS
B80: 8.2.1 | C80: Rough:
C82: Vertical formwork to:
A84: 13 | C84: Bases | D84: m2 | E84: =SUM(I84:S84) -> 128 | F84: 475 | G84: =+E84*F84 -> 60800 | I84: 128
B86: 8.2.2 | C86: Smooth
C88: Vertical formwork to:
A90: 14 | C90: Sides of stub-columns / columns | D90: m2 | E90: =SUM(I90:S90) -> 45 | F90: 750 | G90: =+E90*F90 -> 33750 | I90: 30 | L90: 15
A92: 15 | C92: Sides of bases | D92: m2 | E92: =SUM(I92:S92) -> 0 | F92: 635 | G92: =+E92*F92 -> 0
A94: 16 | C94: Sides of walls | D94: m2 | E94: =SUM(I94:S94) -> 0 | F94: 850 | G94: =+E94*F94 -> 0
A96: 17 | C96: Elevated Slab | D96: m2 | E96: =SUM(I96:S96) -> 0 | F96: 775 | G96: =+E96*F96 -> 0
A98: CARRIED FORWARD | G98: =SUM(G54:G97) -> 487100
A101: ITEM NO | B101: PAY REF | C101: DESCRIPTION | D101: UNIT | E101: QTY | F101: RATE | G101: AMOUNT
A102: BROUGHT FORWARD | G102: =+G98 -> 487100
C104: Horisontal Formwork
A106: 18 | C106: Soffits - 8m high | D106: m2 | E106: =SUM(I106:S106) -> 0 | F106: 1150 | G106: =+E106*F106 -> 0
B108: 8.2.5 | C108: Narrow Widths (up to 300mm wide):
A110: 19 | C110: Over 100mm and up to 200mm | D110: m | E110: =SUM(I110:S110) -> 210 | F110: 135 | G110: =+E110*F110 -> 28350 | J110: 210
B112: 8.2.6 | C112: Box Out Holes / Form Voids:
C114: Small, other than circular, of area up to and including 0.15m2, and in the following depth ranges:
A116: 20 | C116: 0m up to and including 0,5m | D116: No | E116: =SUM(I116:S116) -> 84 | F116: 75 | G116: =+E116*F116 -> 6300 | I116: 20 | L116: 64
C118: Over 0.5m up to 1m | D118: No | E118: =SUM(I118:S118) -> 0 | F118: 275 | G118: =+E118*F118 -> 0
C120: Grooves, chases and splayes:
A122: =A116+1 -> 21 | C122: 25mm x 25mm Chamfers | D122: m | E122: =SUM(I122:S122) -> 557 | F122: 36 | G122: =+E122*F122 -> 20052 | I122: 497 | J122: 0 | L122: 60
B124: 8.3 | C124: SCHEDULED REINFORCING ITEMS
B126: 8.3.1 | C126: High-tensile steel bars in the following:
A128: =A122+1 -> 22 | C128: All diameters | D128: t | E128: =SUM(I128:S128) -> 7.72 | F128: 25750 | G128: =+E128*F128 -> 198790 | I128: 7 | J128: 0 | L128: 0.72
B130: 8.3.2 | C130: High Tensile Welded Mesh
A132: =A128+1 -> 23 | C132: Ref.395 mesh reinforcement | D132: m2 | E132: =SUM(I132:S132) -> 1350 | F132: 345 | G132: =+E132*F132 -> 465750 | J132: 1350
B134: 8.4 | C134: SCHEDULED CONCRETE ITEMS
B136: 8.4.2 | C136: Blinding layer in:
C138: Class 15Mpa/19mm:
A140: =A132+1 -> 24 | C140: 50mm Thickness | D140: m2 | E140: =SUM(I140:S140) -> 322 | F140: 175 | G140: =+E140*F140 -> 56350 | I140: 322 | J140: 0
C142: Class 30Mpa/19mm in:
A144: =A140+1 -> 25 | C144: Stub-columns / Columns | D144: m3 | E144: =SUM(I144:S144) -> 12.3 | F144: 3550 | G144: =+E144*F144 -> 43665 | I144: 6 | L144: 6.3
A146: =A144+1 -> 26 | C146: Bases | D146: m3 | E146: =SUM(I146:S146) -> 51 | F146: 3200 | G146: =+E146*F146 -> 163200 | I146: 51
A148: 25 | C148: Retaining walls | D148: m3 | E148: =SUM(I148:S148) -> 0 | F148: 3350 | G148: =+E148*F148 -> 0
A150: CARRIED FORWARD | G150: =SUM(G102:G149) -> 1469557
A153: ITEM NO | B153: PAY REF | C153: DESCRIPTION | D153: UNIT | E153: QTY | F153: RATE | G153: AMOUNT
A154: BROUGHT FORWARD | G154: =+G150 -> 1469557
A156: 26 | C156: Surface beds including thickenings | D156: m3 | E156: =SUM(I156:S156) -> 236 | F156: 3200 | G156: =+E156*F156 -> 755200 | J156: 236
A158: =A156+1 -> 27 | C158: Elevated Slabs | D158: m3 | E158: =SUM(I158:S158) -> 0 | F158: 3650 | G158: =+E158*F158 -> 0
B160: 8.4.4 | C160: Unformed Surface Finishes
C162: Wood-floated finish to:
A164: =+A158+1 -> 28 | C164: Bases | D164: m2 | E164: =SUM(I164:S164) -> 180 | F164: 46 | G164: =+E164*F164 -> 8280 | I164: 180 | J164: 0
C166: Power-floated finish to:
A168: =A164+1 -> 29 | C168: Top of surface beds | D168: m2 | E168: =SUM(I168:S168) -> 1350 | F168: 75 | G168: =+E168*F168 -> 101250 | I168: 0 | J168: 1350
B170: 8.5 | C170: JOINTS
C172: Joints in surface beds:
A174: =A168+1 -> 30 | C174: Joints (B) - Expansion Joint and waterstop in floor or footing | D174: m | E174: =SUM(I174:S174) -> 0 | F174: 375 | G174: =+E174*F174 -> 0
A176: =A174+1 -> 31 | C176: Joints (C) - Construction Joint | D176: m | E176: =SUM(I176:S176) -> 180 | F176: 355 | G176: =+E176*F176 -> 63900 | J176: 180
A178: =A176+1 -> 32 | C178: Joints (H) - Isolation Joint and waterstop in floor or footing | D178: m | E178: =SUM(I178:S178) -> 300 | F178: 195 | G178: =+E178*F178 -> 58500 | I178: 30 | J178: 210 | L178: 60
C180: Joints (D1) - Saw Cut Joint in floor | D180: m | E180: =SUM(I180:S180) -> 270 | F180: 155 | G180: =+E180*F180 -> 41850 | J180: 270
C182: Joints in walls:
A184: =A178+1 -> 33 | C184: Joint A (Expansion joint in wall) | D184: m | E184: =SUM(I184:S184) -> 0 | F184: =F174 -> 375 | G184: =+E184*F184 -> 0
A186: =A184+1 -> 34 | C186: Joint E (Contraction joint in wall) | D186: m | E186: =SUM(I186:S186) -> 0 | F186: 395 | G186: =+E186*F186 -> 0
A188: =A186+1 -> 35 | C188: Joint E1 (Contraction joint in wall) | D188: m | E188: =SUM(I188:S188) -> 0 | F188: 395 | G188: =+E188*F188 -> 0
B190: 8.7 | C190: GROUTING
C192: Under bases (or beds):
A194: =A188+1 -> 36 | C194: Non-shrink grout | D194: m3 | E194: =SUM(I194:S194) -> 2.37 | F194: 35000 | G194: =+E194*F194 -> 82950 | I194: 0.49 | L194: 1.88
...

Sheet Chemical Store
A1: GEORGE BIOMASS POWER PLANT
A2: =Summary!A2 -> NAFASI WATER - ARNOT WASTE TREATMENT PLANT | G2: =Summary!C2 -> Revision T1
A3: =Summary!A3 -> PILING AND CIVIL WORK
A4: SECTION 3 - BILL OF QUANTITIES | G4: =Summary!C4 -> 45183
A6: ITEM NO | B6: PAY REF | C6: DESCRIPTION | D6: UNIT | E6: QTY | F6: RATE | G6: AMOUNT | I6: Foundations | J6: Surface Beds | K6: Building Works
C8: CHEMICAL STORE
B10: SANS 1200F | C10: PILING (BORED PILES) | E10: =IF(SUM(H10:M10)>0,SUM(H10:M10),"")
E11: =IF(SUM(H11:M11)>0,SUM(H11:M11),"")
C12: Move equipment and setup: | E12: =IF(SUM(H12:M12)>0,SUM(H12:M12),"")
E13: =IF(SUM(H13:M13)>0,SUM(H13:M13),"")
A14: 1 | C14: Move equipment to and set up each pile position for heavy bored cast-in-situ piles (610mm diameter) | D14: No | E14: =SUM(I14:N14) -> 0 | F14: 1150 | G14: =+E14*F14 -> 0 | I14: 0 | J14: 0 | K14: 0 | L14: 0 | M14: 0 | N14: 0
C16: Bore Holes for Piles:
C17: Bored holes for cast-in-situ piles of 610mm diameter (heavy) through material situated in the following successive depth ranges:
A19: 2 | C19: 0m up to 10m | D19: m | E19: =SUM(I19:N19) -> 0 | F19: 1850 | G19: =+E19*F19 -> 0 | I19: =I14*10 -> 0 | J19: =J14*10 -> 0 | K19: =K14*10 -> 0 | L19: =L14*10 -> 0 | M19: =M14*10 -> 0 | N19: =N14*10 -> 0
A21: 3 | C21: 10m up to 20m | D21: m | E21: =SUM(I21:N21) -> 0 | F21: =F19 -> 1850 | G21: =+E21*F21 -> 0 | I21: =I14*5 -> 0 | J21: =J14*5 -> 0 | K21: =K14*5 -> 0 | L21: =L14*5 -> 0 | M21: =M14*5 -> 0 | N21: =N14*5 -> 0
C23: Forming of Bulbous bases:
A25: 4 | C25: For DCS piles of 610mm diameter | D25: No | E25: =SUM(I25:N25) -> 0 | F25: 1250 | G25: =+E25*F25 -> 0 | I25: =I14 -> 0 | J25: =J14 -> 0 | K25: =K14 -> 0 | L25: =L14 -> 0 | M25: =M14 -> 0 | N25: =N14 -> 0
C27: Steel reinforcement in cast-in-situ piles:
A29: 5 | C29: Mild steel, Plain | D29: t | E29: =SUM(I29:N29) -> 0 | F29: 29500 | G29: =+E29*F29 -> 0 | I29: =(I19+I21)*0.00325 -> 0 | J29: =(J19+J21)*0.00325 -> 0 | K29: =(K19+K21)*0.00325 -> 0 | L29: =(L19+L21)*0.00325 -> 0 | M29: =(M19+M21)*0.00325 -> 0 | N29: =(N19+N21)*0.00325 -> 0
A31: 6 | C31: High yield stress steel | D31: t | E31: =SUM(I31:AG31) -> 0 | F31: 28000 | G31: =+E31*F31 -> 0 | I31: =(I19+I21)*0.0215 -> 0 | J31: =(J19+J21)*0.0215 -> 0 | K31: =(K19+K21)*0.0215 -> 0 | L31: =(L19+L21)*0.0215 -> 0 | M31: =(M19+M21)*0.0215 -> 0 | N31: =(N19+N21)*0.0215 -> 0
C33: Concrete for cast-in-situ piles, under reams and sockets:
A35: 7 | C35: Compressive Strength 30Mpa/19mm
C37: Piles | D37: m3 | E37: =SUM(I37:N37) -> 0 | F37: 3500 | G37: =+E37*F37 -> 0 | I37: =((I19+I21)*0.292)+(I14*0.75) -> 0 | J37: =((J19+J21)*0.292)+(J14*0.75) -> 0 | K37: =((K19+K21)*0.292)+(K14*0.75) -> 0 | L37: =((L19+L21)*0.292)+(L14*0.75) -> 0 | M37: =((M19+M21)*0.292)+(M14*0.75) -> 0 | N37: =((N19+N21)*0.292)+(N14*0.75) -> 0
B39: PSF 8.2.20 | C39: Strip / cut heads off:
A41: 8 | C41: 610mm diameter bored pile | D41: No | E41: =SUM(I41:N41) -> 0 | F41: 875 | G41: =+E41*F41 -> 0 | I41: =I14 -> 0 | J41: =J14 -> 0 | K41: =K14 -> 0 | L41: =L14 -> 0 | M41: =M14 -> 0 | N41: =N14 -> 0
B43: SANS 1200D | C43: EARTHWORKS
A45: 9 | B45: 8.3.3 | C45: Rip and scarify in-situ material for a depth of 150mm, breaking down oversize material, adding suitable material where necessary and compact to 93% Mod AASHTO density | D45: m2 | E45: =SUM(I45:N45) -> 165 | F45: 225 | G45: =+E45*F45 -> 37125 | J45: 165
A48: CARRIED FORWARD | G48: =SUM(G8:G47) -> 37125
A51: ITEM NO | B51: PAY REF | C51: DESCRIPTION | D51: UNIT | E51: QTY | F51: RATE | G51: AMOUNT
A52: BROUGHT FORWARD | G52: =+G48 -> 37125
B54: 1200D | C54: EARTHWORKS
B56: 8.3.3 | C56: Restricted excavation
C58: Excavation for restricted foundations in all materials and dispose spoil material at a site provided by the Contractor
A60: 10 | C60: Depth up to 2m | D60: m3 | E60: =SUM(I60:N60) -> 50 | F60: 175 | G60: =+E60*F60 -> 8750 | I60: 50
C62: Extra overs on Item above for:
A64: 11 | C64: Soilcrete backfill under structures as indicated on the drawings or directed by the Engineer | D64: m3 | E64: =SUM(I64:N64) -> 0 | F64: 950 | G64: =+E64*F64 -> 0 | I64: 0
C66: (The aggregate of soilcrete shall be mixed with 5% cement of volume and shall consist of approved soil or gravel containing stones, obtained from commercial sources, not bigger than 38mm and with a plasticity index not exceeding 10)
B68: 8.3.4 | C68: Importing of materials
C70: Extra over item for importation of materials from commercial sources:
A72: 12 | C72: Backfill with G5 material compacted to 93% MOD AASHTO from commercial sources selected by the Contractor | D72: m3 | E72: =SUM(I72:N72) -> 26 | F72: 725 | G72: =+E72*F72 -> 18850 | I72: 26
B74: SANS 1200G | C74: CONCRETE (STRUCTURAL)
B76: 8.2 | C76: SCHEDULED FORMWORK ITEMS
B78: 8.2.1 | C78: Rough:
C80: Vertical formwork to:
A82: 13 | C82: Bases | D82: m2 | E82: =SUM(I82:N82) -> 60 | F82: 475 | G82: =+E82*F82 -> 28500 | I82: 60
B84: 8.2.2 | C84: Smooth
C86: Vertical formwork to:
A88: 14 | C88: Sides of stub-columns / columns | D88: m2 | E88: =SUM(I88:N88) -> 17 | F88: 750 | G88: =+E88*F88 -> 12750 | I88: 17
A90: 15 | C90: Sides of bases | D90: m2 | E90: =SUM(I90:N90) -> 0 | F90: 635 | G90: =+E90*F90 -> 0
A92: 16 | C92: Sides of walls | D92: m2 | E92: =SUM(I92:N92) -> 0 | F92: 850 | G92: =+E92*F92 -> 0
A94: 17 | C94: Elevated Slab | D94: m2 | E94: =SUM(I94:N94) -> 0 | F94: 775 | G94: =+E94*F94 -> 0
A96: CARRIED FORWARD | G96: =SUM(G52:G95) -> 105975
A99: ITEM NO | B99: PAY REF | C99: DESCRIPTION | D99: UNIT | E99: QTY | F99: RATE | G99: AMOUNT
A100: BROUGHT FORWARD | G100: =+G96 -> 105975
C102: Horisontal Formwork
A104: 18 | C104: Soffits - 8m high | D104: m2 | E104: =SUM(I104:N104) -> 0 | F104: 1150 | G104: =+E104*F104 -> 0
B106: 8.2.5 | C106: Narrow Widths (up to 300mm wide):
A108: 19 | C108: Over 100mm and up to 200mm | D108: m | E108: =SUM(I108:N108) -> 50 | F108: 135 | G108: =+E108*F108 -> 6750 | J108: 50
B110: 8.2.6 | C110: Box Out Holes / Form Voids:
C112: Small, other than circular, of area up to and including 0.15m2, and in the following depth ranges:
A114: 20 | C114: 0m up to and including 0,5m | D114: No | E114: =SUM(I114:N114) -> 40 | F114: 75 | G114: =+E114*F114 -> 3000 | I114: 40
C116: Over 0.5m up to 1m | D116: No | E116: =SUM(I116:N116) -> 0 | F116: 275 | G116: =+E116*F116 -> 0
C118: Grooves, chases and splayes:
A120: =A114+1 -> 21 | C120: 25mm x 25mm Chamfers | D120: m | E120: =SUM(I120:AG120) -> 195 | F120: 36 | G120: =+E120*F120 -> 7020 | I120: 195
B122: 8.3 | C122: SCHEDULED REINFORCING ITEMS
B124: 8.3.1 | C124: High-tensile steel bars in the following:
A126: =A120+1 -> 22 | C126: All diameters | D126: t | E126: =SUM(I126:N126) -> 3.1 | F126: 25750 | G126: =+E126*F126 -> 79825 | I126: 3.1
B128: 8.3.2 | C128: High Tensile Welded Mesh
A130: =A126+1 -> 23 | C130: Ref.395 mesh reinforcement | D130: m2 | E130: =SUM(I130:N130) -> 150 | F130: 345 | G130: =+E130*F130 -> 51750 | J130: 150
B132: 8.4 | C132: SCHEDULED CONCRETE ITEMS
B134: 8.4.2 | C134: Blinding layer in:
C136: Class 15Mpa/19mm:
A138: =A130+1 -> 24 | C138: 50mm Thickness | D138: m2 | E138: =SUM(I138:N138) -> 123 | F138: 175 | G138: =+E138*F138 -> 21525 | I138: 123
A148: CARRIED FORWARD | G148: =SUM(G100:G147) -> 275845
A151: ITEM NO | B151: PAY REF | C151: DESCRIPTION | D151: UNIT | E151: QTY | F151: RATE | G151: AMOUNT
A152: BROUGHT FORWARD | G152: =+G148 -> 275845
C154: Class 30Mpa/19mm in:
A156: =A138+1 -> 25 | C156: Stub-columns / Columns | D156: m3 | E156: =SUM(I156:N156) -> 3 | F156: 3550 | G156: =+E156*F156 -> 10650 | I156: 3
A158: =A156+1 -> 26 | C158: Bases | D158: m3 | E158: =SUM(I158:N158) -> 24 | F158: 3200 | G158: =+E158*F158 -> 76800 | I158: 24
A160: 25 | C160: Retaining walls | D160: m3 | E160: =SUM(I160:N160) -> 0 | F160: 3350 | G160: =+E160*F160 -> 0
A162: 26 | C162: Surface beds including thickenings | D162: m3 | E162: =SUM(I162:N162) -> 26 | F162: 3200 | G162: =+E162*F162 -> 83200 | J162: 26
A164: =A162+1 -> 27 | C164: Elevated Slabs | D164: m3 | E164: =SUM(I164:N164) -> 0 | F164: 3650 | G164: =+E164*F164 -> 0
B166: 8.4.4 | C166: Unformed Surface Finishes
C168: Wood-floated finish to:
A170: =A164+1 -> 28 | C170: Bases | D170: m2 | E170: =SUM(I170:N170) -> 68 | F170: 46 | G170: =+E170*F170 -> 3128 | I170: 68
C172: Power-floated finish to:
A174: =A170+1 -> 29 | C174: Top of surface beds | D174: m2 | E174: =SUM(I174:N174) -> 150 | F174: 75 | G174: =+E174*F174 -> 11250 | J174: 150
B176: 8.5 | C176: JOINTS
C178: Joints in surface beds:
A180: =A174+1 -> 30 | C180: Joints (B) - Expansion Joint and waterstop in floor or footing | D180: m | E180: =SUM(I180:N180) -> 0 | F180: 375 | G180: =+E180*F180 -> 0
A182: =A180+1 -> 31 | C182: Joints (C) - Construction Joint | D182: m | E182: =SUM(I182:N182) -> 15 | F182: 355 | G182: =+E182*F182 -> 5325 | J182: 15
A184: =A182+1 -> 32 | C184: Joints (H) - Isolation Joint and waterstop in floor or footing | D184: m | E184: =SUM(I184:N184) -> 74 | F184: 195 | G184: =+E184*F184 -> 14430 | I184: 24 | J184: 50
C186: Joints (D1) - Saw Cut Joint in floor | D186: m | E186: =SUM(I186:N186) -> 20 | F186: 155 | G186: =+E186*F186 -> 3100 | J186: 20
C188: Joints in walls:
A190: =A184+1 -> 33 | C190: Joint A (Expansion joint in wall) | D190: m | E190: =SUM(I190:N190) -> 0 | F190: =F180 -> 375 | G190: =+E190*F190 -> 0
A192: =A190+1 -> 34 | C192: Joint E (Contraction joint in wall) | D192: m | E192: =SUM(I192:N192) -> 0 | F192: 395 | G192: =+E192*F192 -> 0
A194: =A192+1 -> 35 | C194: Joint E1 (Contraction joint in wall) | D194: m | E194: =SUM(I194:N194) -> 0 | F194: 395 | G194: =+E194*F194 -> 0
A198: CARRIED FORWARD | G198: =SUM(G152:G197) -> 483728
A201: ITEM NO | B201: PAY REF | C201: DESCRIPTION | D201: UNIT | E201: QTY | F201: RATE | G201: AMOUNT
A202: BROUGHT FORWARD | G202: =+G198 -> 483728
...

Sheet Workshop
A1: GEORGE BIOMASS POWER PLANT
A2: =Summary!A2 -> NAFASI WATER - ARNOT WASTE TREATMENT PLANT | G2: =Summary!C2 -> Revision T1
A3: =Summary!A3 -> PILING AND CIVIL WORK
A4: SECTION 4 - BILL OF QUANTITIES | G4: =Summary!C4 -> 45183
A6: ITEM NO | B6: PAY REF | C6: DESCRIPTION | D6: UNIT | E6: QTY | F6: RATE | G6: AMOUNT | I6: Foundations | J6: Surface Beds | K6: Building Works
C8: WORKSHOP BUILDING
B10: SANS 1200F | C10: PILING (BORED PILES) | E10: =IF(SUM(H10:M10)>0,SUM(H10:M10),"")
E11: =IF(SUM(H11:M11)>0,SUM(H11:M11),"")
C12: Move equipment and setup: | E12: =IF(SUM(H12:M12)>0,SUM(H12:M12),"")
E13: =IF(SUM(H13:M13)>0,SUM(H13:M13),"")
A14: 1 | C14: Move equipment to and set up each pile position for heavy bored cast-in-situ piles (610mm diameter) | D14: No | E14: =SUM(I14:N14) -> 0 | F14: 1150 | G14: =+E14*F14 -> 0 | I14: 0 | J14: 0 | K14: 0 | L14: 0 | M14: 0 | N14: 0
C16: Bore Holes for Piles:
C17: Bored holes for cast-in-situ piles of 610mm diameter (heavy) through material situated in the following successive depth ranges:
A19: 2 | C19: 0m up to 10m | D19: m | E19: =SUM(I19:N19) -> 0 | F19: 1850 | G19: =+E19*F19 -> 0 | I19: =I14*10 -> 0 | J19: =J14*10 -> 0 | K19: =K14*10 -> 0 | L19: =L14*10 -> 0 | M19: =M14*10 -> 0 | N19: =N14*10 -> 0
A21: 3 | C21: 10m up to 20m | D21: m | E21: =SUM(I21:N21) -> 0 | F21: =F19 -> 1850 | G21: =+E21*F21 -> 0 | I21: =I14*5 -> 0 | J21: =J14*5 -> 0 | K21: =K14*5 -> 0 | L21: =L14*5 -> 0 | M21: =M14*5 -> 0 | N21: =N14*5 -> 0
C23: Forming of Bulbous bases:
A25: 4 | C25: For DCS piles of 610mm diameter | D25: No | E25: =SUM(I25:N25) -> 0 | F25: 1250 | G25: =+E25*F25 -> 0 | I25: =I14 -> 0 | J25: =J14 -> 0 | K25: =K14 -> 0 | L25: =L14 -> 0 | M25: =M14 -> 0 | N25: =N14 -> 0
C27: Steel reinforcement in cast-in-situ piles:
A29: 5 | C29: Mild steel, Plain | D29: t | E29: =SUM(I29:N29) -> 0 | F29: 29500 | G29: =+E29*F29 -> 0 | I29: =(I19+I21)*0.00325 -> 0 | J29: =(J19+J21)*0.00325 -> 0 | K29: =(K19+K21)*0.00325 -> 0 | L29: =(L19+L21)*0.00325 -> 0 | M29: =(M19+M21)*0.00325 -> 0 | N29: =(N19+N21)*0.00325 -> 0
A31: 6 | C31: High yield stress steel | D31: t | E31: =SUM(I31:AG31) -> 0 | F31: 28000 | G31: =+E31*F31 -> 0 | I31: =(I19+I21)*0.0215 -> 0 | J31: =(J19+J21)*0.0215 -> 0 | K31: =(K19+K21)*0.0215 -> 0 | L31: =(L19+L21)*0.0215 -> 0 | M31: =(M19+M21)*0.0215 -> 0 | N31: =(N19+N21)*0.0215 -> 0
C33: Concrete for cast-in-situ piles, under reams and sockets:
A35: 7 | C35: Compressive Strength 30Mpa/19mm
C37: Piles | D37: m3 | E37: =SUM(I37:N37) -> 0 | F37: 3500 | G37: =+E37*F37 -> 0 | I37: =((I19+I21)*0.292)+(I14*0.75) -> 0 | J37: =((J19+J21)*0.292)+(J14*0.75) -> 0 | K37: =((K19+K21)*0.292)+(K14*0.75) -> 0 | L37: =((L19+L21)*0.292)+(L14*0.75) -> 0 | M37: =((M19+M21)*0.292)+(M14*0.75) -> 0 | N37: =((N19+N21)*0.292)+(N14*0.75) -> 0
B39: PSF 8.2.20 | C39: Strip / cut heads off:
A41: 8 | C41: 610mm diameter bored pile | D41: No | E41: =SUM(I41:N41) -> 0 | F41: 875 | G41: =+E41*F41 -> 0 | I41: =I14 -> 0 | J41: =J14 -> 0 | K41: =K14 -> 0 | L41: =L14 -> 0 | M41: =M14 -> 0 | N41: =N14 -> 0
B43: SANS 1200D | C43: EARTHWORKS
A45: 9 | B45: 8.3.3 | C45: Rip and scarify in-situ material for a depth of 150mm, breaking down oversize material, adding suitable material where necessary and compact to 93% Mod AASHTO density | D45: m2 | E45: =SUM(I45:N45) -> 220 | F45: 225 | G45: =+E45*F45 -> 49500 | J45: 220
A48: CARRIED FORWARD | G48: =SUM(G8:G47) -> 49500
A51: ITEM NO | B51: PAY REF | C51: DESCRIPTION | D51: UNIT | E51: QTY | F51: RATE | G51: AMOUNT
A52: BROUGHT FORWARD | G52: =+G48 -> 49500
B54: 1200D | C54: EARTHWORKS
B56: 8.3.3 | C56: Restricted excavation
C58: Excavation for restricted foundations in all materials and dispose spoil material at a site provided by the Contractor
A60: 10 | C60: Depth up to 2m | D60: m3 | E60: =SUM(I60:N60) -> 61 | F60: 175 | G60: =+E60*F60 -> 10675 | I60: 61
C62: Extra overs on Item above for:
A64: 11 | C64: Soilcrete backfill under structures as indicated on the drawings or directed by the Engineer | D64: m3 | E64: =SUM(I64:N64) -> 0 | F64: 950 | G64: =+E64*F64 -> 0
C66: (The aggregate of soilcrete shall be mixed with 5% cement of volume and shall consist of approved soil or gravel containing stones, obtained from commercial sources, not bigger than 38mm and with a plasticity index not exceeding 10)
B68: 8.3.4 | C68: Importing of materials
C70: Extra over item for importation of materials from commercial sources:
A72: 12 | C72: Backfill with G5 material compacted to 93% MOD AASHTO from commercial sources selected by the Contractor | D72: m3 | E72: =SUM(I72:N72) -> 31 | F72: 725 | G72: =+E72*F72 -> 22475 | I72: 31
B74: SANS 1200G | C74: CONCRETE (STRUCTURAL)
B76: 8.2 | C76: SCHEDULED FORMWORK ITEMS
B78: 8.2.1 | C78: Rough:
C80: Vertical formwork to:
A82: 13 | C82: Bases | D82: m2 | E82: =SUM(I82:N82) -> 72 | F82: 475 | G82: =+E82*F82 -> 34200 | I82: 72
B84: 8.2.2 | C84: Smooth
C86: Vertical formwork to:
A88: 14 | C88: Sides of stub-columns / columns | D88: m2 | E88: =SUM(I88:N88) -> 20 | F88: 750 | G88: =+E88*F88 -> 15000 | I88: 20
A90: 15 | C90: Sides of bases | D90: m2 | E90: =SUM(I90:N90) -> 0 | F90: 635 | G90: =+E90*F90 -> 0
A92: 16 | C92: Sides of walls | D92: m2 | E92: =SUM(I92:N92) -> 0 | F92: 850 | G92: =+E92*F92 -> 0
A94: 17 | C94: Elevated Slab | D94: m2 | E94: =SUM(I94:N94) -> 0 | F94: 775 | G94: =+E94*F94 -> 0
A96: CARRIED FORWARD | G96: =SUM(G52:G95) -> 131850
A99: ITEM NO | B99: PAY REF | C99: DESCRIPTION | D99: UNIT | E99: QTY | F99: RATE | G99: AMOUNT
A100: BROUGHT FORWARD | G100: =+G96 -> 131850
C102: Horisontal Formwork
A104: 18 | C104: Soffits - 8m high | D104: m2 | E104: =SUM(I104:N104) -> 0 | F104: 1150 | G104: =+E104*F104 -> 0
B106: 8.2.5 | C106: Narrow Widths (up to 300mm wide):
A108: 19 | C108: Over 100mm and up to 200mm | D108: m | E108: =SUM(I108:N108) -> 60 | F108: 135 | G108: =+E108*F108 -> 8100 | J108: 60
B110: 8.2.6 | C110: Box Out Holes / Form Voids:
C112: Small, other than circular, of area up to and including 0.15m2, and in the following depth ranges:
A114: 20 | C114: 0m up to and including 0,5m | D114: No | E114: =SUM(I114:N114) -> 48 | F114: 75 | G114: =+E114*F114 -> 3600 | I114: 48
C116: Over 0.5m up to 1m | D116: No | E116: =SUM(I116:N116) -> 0 | F116: 275 | G116: =+E116*F116 -> 0
C118: Grooves, chases and splayes:
A120: =A114+1 -> 21 | C120: 25mm x 25mm Chamfers | D120: m | E120: =SUM(I120:AG120) -> 234 | F120: 36 | G120: =+E120*F120 -> 8424 | I120: 234
B122: 8.3 | C122: SCHEDULED REINFORCING ITEMS
B124: 8.3.1 | C124: High-tensile steel bars in the following:
A126: =A120+1 -> 22 | C126: All diameters | D126: t | E126: =SUM(I126:N126) -> 4 | F126: 25750 | G126: =+E126*F126 -> 103000 | I126: 4
B128: 8.3.2 | C128: High Tensile Welded Mesh
A130: =A126+1 -> 23 | C130: Ref.395 mesh reinforcement | D130: m2 | E130: =SUM(I130:N130) -> 200 | F130: 345 | G130: =+E130*F130 -> 69000 | J130: 200
B132: 8.4 | C132: SCHEDULED CONCRETE ITEMS
B134: 8.4.2 | C134: Blinding layer in:
C136: Class 15Mpa/19mm:
A138: =A130+1 -> 24 | C138: 50mm Thickness | D138: m2 | E138: =SUM(I138:N138) -> 148 | F138: 175 | G138: =+E138*F138 -> 25900 | I138: 148
A148: CARRIED FORWARD | G148: =SUM(G100:G147) -> 349874
A151: ITEM NO | B151: PAY REF | C151: DESCRIPTION | D151: UNIT | E151: QTY | F151: RATE | G151: AMOUNT
A152: BROUGHT FORWARD | G152: =+G148 -> 349874
C154: Class 30Mpa/19mm in:
A156: =A138+1 -> 25 | C156: Stub-columns / Columns | D156: m3 | E156: =SUM(I156:N156) -> 3 | F156: 3550 | G156: =+E156*F156 -> 10650 | I156: 3
A158: =A156+1 -> 26 | C158: Bases | D158: m3 | E158: =SUM(I158:N158) -> 29 | F158: 3200 | G158: =+E158*F158 -> 92800 | I158: 29
A160: 25 | C160: Retaining walls | D160: m3 | E160: =SUM(I160:N160) -> 0 | F160: 3350 | G160: =+E160*F160 -> 0
A162: 26 | C162: Surface beds including thickenings | D162: m3 | E162: =SUM(I162:N162) -> 35 | F162: 3200 | G162: =+E162*F162 -> 112000 | J162: 35
A164: =A162+1 -> 27 | C164: Elevated Slabs | D164: m3 | E164: =SUM(I164:N164) -> 0 | F164: 3650 | G164: =+E164*F164 -> 0
B166: 8.4.4 | C166: Unformed Surface Finishes
C168: Wood-floated finish to:
A170: =A164+1 -> 28 | C170: Bases | D170: m2 | E170: =SUM(I170:N170) -> 82 | F170: 46 | G170: =+E170*F170 -> 3772 | I170: 82
C172: Power-floated finish to:
A174: =A170+1 -> 29 | C174: Top of surface beds | D174: m2 | E174: =SUM(I174:N174) -> 200 | F174: 75 | G174: =+E174*F174 -> 15000 | J174: 200
B176: 8.5 | C176: JOINTS
C178: Joints in surface beds:
A180: =A174+1 -> 30 | C180: Joints (B) - Expansion Joint and waterstop in floor or footing | D180: m | E180: =SUM(I180:N180) -> 0 | F180: 375 | G180: =+E180*F180 -> 0
A182: =A180+1 -> 31 | C182: Joints (C) - Construction Joint | D182: m | E182: =SUM(I182:N182) -> 20 | F182: 355 | G182: =+E182*F182 -> 7100 | J182: 20
A184: =A182+1 -> 32 | C184: Joints (H) - Isolation Joint and waterstop in floor or footing | D184: m | E184: =SUM(I184:N184) -> 89 | F184: 195 | G184: =+E184*F184 -> 17355 | I184: 29 | J184: 60
C186: Joints (D1) - Saw Cut Joint in floor | D186: m | E186: =SUM(I186:N186) -> 30 | F186: 155 | G186: =+E186*F186 -> 4650 | J186: 30
C188: Joints in walls:
A190: =A184+1 -> 33 | C190: Joint A (Expansion joint in wall) | D190: m | E190: =SUM(I190:N190) -> 0 | F190: =F180 -> 375 | G190: =+E190*F190 -> 0
A192: =A190+1 -> 34 | C192: Joint E (Contraction joint in wall) | D192: m | E192: =SUM(I192:N192) -> 0 | F192: 395 | G192: =+E192*F192 -> 0
A194: =A192+1 -> 35 | C194: Joint E1 (Contraction joint in wall) | D194: m | E194: =SUM(I194:N194) -> 0 | F194: 395 | G194: =+E194*F194 -> 0
A198: CARRIED FORWARD | G198: =SUM(G152:G197) -> 613201
A201: ITEM NO | B201: PAY REF | C201: DESCRIPTION | D201: UNIT | E201: QTY | F201: RATE | G201: AMOUNT
A202: BROUGHT FORWARD | G202: =+G198 -> 613201
...

Sheet MCC2 Foundations
A1: GEORGE BIOMASS POWER PLANT
A2: =Summary!A2 -> NAFASI WATER - ARNOT WASTE TREATMENT PLANT | G2: =Summary!C2 -> Revision T1
A3: =Summary!A3 -> PILING AND CIVIL WORK
A4: SECTION 5 - BILL OF QUANTITIES | G4: =Summary!C4 -> 45183
A6: ITEM NO | B6: PAY REF | C6: DESCRIPTION | D6: UNIT | E6: QTY | F6: RATE | G6: AMOUNT | I6: Foundations
C8: MCC 2 BUILDING FOUNDATIONS
B10: SANS 1200F | C10: PILING (BORED PILES) | E10: =IF(SUM(H10:M10)>0,SUM(H10:M10),"")
E11: =IF(SUM(H11:M11)>0,SUM(H11:M11),"")
C12: Move equipment and setup: | E12: =IF(SUM(H12:M12)>0,SUM(H12:M12),"")
E13: =IF(SUM(H13:M13)>0,SUM(H13:M13),"")
A14: 1 | C14: Move equipment to and set up each pile position for heavy bored cast-in-situ piles (610mm diameter) | D14: No | E14: =SUM(I14:N14) -> 0 | F14: 1150 | G14: =+E14*F14 -> 0 | I14: 0 | J14: 0 | K14: 0 | L14: 0 | M14: 0 | N14: 0
C16: Bore Holes for Piles:
C17: Bored holes for cast-in-situ piles of 610mm diameter (heavy) through material situated in the following successive depth ranges:
A19: 2 | C19: 0m up to 10m | D19: m | E19: =SUM(I19:N19) -> 0 | F19: 1850 | G19: =+E19*F19 -> 0 | I19: =I14*10 -> 0 | J19: =J14*10 -> 0 | K19: =K14*10 -> 0 | L19: =L14*10 -> 0 | M19: =M14*10 -> 0 | N19: =N14*10 -> 0
A21: 3 | C21: 10m up to 20m | D21: m | E21: =SUM(I21:N21) -> 0 | F21: =F19 -> 1850 | G21: =+E21*F21 -> 0 | I21: =I14*5 -> 0 | J21: =J14*5 -> 0 | K21: =K14*5 -> 0 | L21: =L14*5 -> 0 | M21: =M14*5 -> 0 | N21: =N14*5 -> 0
C23: Forming of Bulbous bases:
A25: 4 | C25: For DCS piles of 610mm diameter | D25: No | E25: =SUM(I25:N25) -> 0 | F25: 1250 | G25: =+E25*F25 -> 0 | I25: =I14 -> 0 | J25: =J14 -> 0 | K25: =K14 -> 0 | L25: =L14 -> 0 | M25: =M14 -> 0 | N25: =N14 -> 0
C27: Steel reinforcement in cast-in-situ piles:
A29: 5 | C29: Mild steel, Plain | D29: t | E29: =SUM(I29:N29) -> 0 | F29: 29500 | G29: =+E29*F29 -> 0 | I29: =(I19+I21)*0.00325 -> 0 | J29: =(J19+J21)*0.00325 -> 0 | K29: =(K19+K21)*0.00325 -> 0 | L29: =(L19+L21)*0.00325 -> 0 | M29: =(M19+M21)*0.00325 -> 0 | N29: =(N19+N21)*0.00325 -> 0
A31: 6 | C31: High yield stress steel | D31: t | E31: =SUM(I31:AG31) -> 0 | F31: 28000 | G31: =+E31*F31 -> 0 | I31: =(I19+I21)*0.0215 -> 0 | J31: =(J19+J21)*0.0215 -> 0 | K31: =(K19+K21)*0.0215 -> 0 | L31: =(L19+L21)*0.0215 -> 0 | M31: =(M19+M21)*0.0215 -> 0 | N31: =(N19+N21)*0.0215 -> 0
C33: Concrete for cast-in-situ piles, under reams and sockets:
A35: 7 | C35: Compressive Strength 30Mpa/19mm
C37: Piles | D37: m3 | E37: =SUM(I37:N37) -> 0 | F37: 3500 | G37: =+E37*F37 -> 0 | I37: =((I19+I21)*0.292)+(I14*0.75) -> 0 | J37: =((J19+J21)*0.292)+(J14*0.75) -> 0 | K37: =((K19+K21)*0.292)+(K14*0.75) -> 0 | L37: =((L19+L21)*0.292)+(L14*0.75) -> 0 | M37: =((M19+M21)*0.292)+(M14*0.75) -> 0 | N37: =((N19+N21)*0.292)+(N14*0.75) -> 0
B39: PSF 8.2.20 | C39: Strip / cut heads off:
A41: 8 | C41: 610mm diameter bored pile | D41: No | E41: =SUM(I41:N41) -> 0 | F41: 875 | G41: =+E41*F41 -> 0 | I41: =I14 -> 0 | J41: =J14 -> 0 | K41: =K14 -> 0 | L41: =L14 -> 0 | M41: =M14 -> 0 | N41: =N14 -> 0
B43: SANS 1200D | C43: EARTHWORKS
A45: 9 | B45: 8.3.3 | C45: Rip and scarify in-situ material for a depth of 150mm, breaking down oversize material, adding suitable material where necessary and compact to 93% Mod AASHTO density | D45: m2 | E45: =SUM(I45:N45) -> 0 | F45: 225 | G45: =+E45*F45 -> 0
A48: CARRIED FORWARD | G48: =SUM(G8:G47) -> 0
A51: ITEM NO | B51: PAY REF | C51: DESCRIPTION | D51: UNIT | E51: QTY | F51: RATE | G51: AMOUNT
A52: BROUGHT FORWARD | G52: =+G48 -> 0
B54: 1200D | C54: EARTHWORKS
B56: 8.3.3 | C56: Restricted excavation
C58: Excavation for restricted foundations in all materials and dispose spoil material at a site provided by the Contractor
A60: 10 | C60: Depth up to 2m | D60: m3 | E60: =SUM(I60:N60) -> 17 | F60: 175 | G60: =+E60*F60 -> 2975 | I60: 17
C62: Extra overs on Item above for:
A64: 11 | C64: Soilcrete backfill under structures as indicated on the drawings or directed by the Engineer | D64: m3 | E64: =SUM(I64:N64) -> 0 | F64: 950 | G64: =+E64*F64 -> 0
C66: (The aggregate of soilcrete shall be mixed with 5% cement of volume and shall consist of approved soil or gravel containing stones, obtained from commercial sources, not bigger than 38mm and with a plasticity index not exceeding 10)
B68: 8.3.4 | C68: Importing of materials
C70: Extra over item for importation of materials from commercial sources:
A72: 12 | C72: Backfill with G5 material compacted to 93% MOD AASHTO from commercial sources selected by the Contractor | D72: m3 | E72: =SUM(I72:N72) -> 8 | F72: 725 | G72: =+E72*F72 -> 5800 | I72: 8
B74: SANS 1200G | C74: CONCRETE (STRUCTURAL)
B76: 8.2 | C76: SCHEDULED FORMWORK ITEMS
B78: 8.2.1 | C78: Rough:
C80: Vertical formwork to:
A82: 13 | C82: Bases | D82: m2 | E82: =SUM(I82:N82) -> 18 | F82: 475 | G82: =+E82*F82 -> 8550 | I82: 18
B84: 8.2.2 | C84: Smooth
C86: Vertical formwork to:
A88: 14 | C88: Sides of stub-columns / columns | D88: m2 | E88: =SUM(I88:N88) -> 14 | F88: 750 | G88: =+E88*F88 -> 10500 | I88: 14
A90: 15 | C90: Sides of bases | D90: m2 | E90: =SUM(I90:N90) -> 0 | F90: 635 | G90: =+E90*F90 -> 0
A92: 16 | C92: Sides of walls | D92: m2 | E92: =SUM(I92:N92) -> 0 | F92: 850 | G92: =+E92*F92 -> 0
A94: 17 | C94: Elevated Slab | D94: m2 | E94: =SUM(I94:N94) -> 0 | F94: 775 | G94: =+E94*F94 -> 0
A96: CARRIED FORWARD | G96: =SUM(G52:G95) -> 27825
A99: ITEM NO | B99: PAY REF | C99: DESCRIPTION | D99: UNIT | E99: QTY | F99: RATE | G99: AMOUNT
A100: BROUGHT FORWARD | G100: =+G96 -> 27825
C102: Horisontal Formwork
A104: 18 | C104: Soffits - 8m high | D104: m2 | E104: =SUM(I104:N104) -> 0 | F104: 1150 | G104: =+E104*F104 -> 0
B106: 8.2.5 | C106: Narrow Widths (up to 300mm wide):
A108: 19 | C108: Over 100mm and up to 200mm | D108: m | E108: =SUM(I108:N108) -> 0 | F108: 135 | G108: =+E108*F108 -> 0
B110: 8.2.6 | C110: Box Out Holes / Form Voids:
C112: Small, other than circular, of area up to and including 0.15m2, and in the following depth ranges:
A114: 20 | C114: 0m up to and including 0,5m | D114: No | E114: =SUM(I114:N114) -> 0 | F114: 75 | G114: =+E114*F114 -> 0
C116: Over 0.5m up to 1m | D116: No | E116: =SUM(I116:N116) -> 0 | F116: 275 | G116: =+E116*F116 -> 0
C118: Grooves, chases and splayes:
A120: =A114+1 -> 21 | C120: 25mm x 25mm Chamfers | D120: m | E120: =SUM(I120:AG120) -> 60 | F120: 36 | G120: =+E120*F120 -> 2160 | I120: 60
B122: 8.3 | C122: SCHEDULED REINFORCING ITEMS
B124: 8.3.1 | C124: High-tensile steel bars in the following:
A126: =A120+1 -> 22 | C126: All diameters | D126: t | E126: =SUM(I126:N126) -> 1.4 | F126: 25750 | G126: =+E126*F126 -> 36050 | I126: 1.4
B128: 8.3.2 | C128: High Tensile Welded Mesh
A130: =A126+1 -> 23 | C130: Ref.395 mesh reinforcement | D130: m2 | E130: =SUM(I130:N130) -> 0 | F130: 345 | G130: =+E130*F130 -> 0
B132: 8.4 | C132: SCHEDULED CONCRETE ITEMS
B134: 8.4.2 | C134: Blinding layer in:
C136: Class 15Mpa/19mm:
A138: =A130+1 -> 24 | C138: 50mm Thickness | D138: m2 | E138: =SUM(I138:N138) -> 30 | F138: 175 | G138: =+E138*F138 -> 5250 | I138: 30
A148: CARRIED FORWARD | G148: =SUM(G100:G147) -> 71285
A151: ITEM NO | B151: PAY REF | C151: DESCRIPTION | D151: UNIT | E151: QTY | F151: RATE | G151: AMOUNT
A152: BROUGHT FORWARD | G152: =+G148 -> 71285
C154: Class 30Mpa/19mm in:
A156: =A138+1 -> 25 | C156: Stub-columns / Columns | D156: m3 | E156: =SUM(I156:N156) -> 3 | F156: 3550 | G156: =+E156*F156 -> 10650 | I156: 3
A158: =A156+1 -> 26 | C158: Bases | D158: m3 | E158: =SUM(I158:N158) -> 9 | F158: 3200 | G158: =+E158*F158 -> 28800 | I158: 9
A160: 25 | C160: Retaining walls | D160: m3 | E160: =SUM(I160:N160) -> 0 | F160: 3350 | G160: =+E160*F160 -> 0
A162: 26 | C162: Surface beds including thickenings | D162: m3 | E162: =SUM(I162:N162) -> 0 | F162: 3200 | G162: =+E162*F162 -> 0
A164: =A162+1 -> 27 | C164: Elevated Slabs | D164: m3 | E164: =SUM(I164:N164) -> 0 | F164: 3650 | G164: =+E164*F164 -> 0
B166: 8.4.4 | C166: Unformed Surface Finishes
C168: Wood-floated finish to:
A170: =A164+1 -> 28 | C170: Bases | D170: m2 | E170: =SUM(I170:N170) -> 18 | F170: 46 | G170: =+E170*F170 -> 828 | I170: 18
C172: Power-floated finish to:
A174: =A170+1 -> 29 | C174: Top of surface beds | D174: m2 | E174: =SUM(I174:N174) -> 0 | F174: 75 | G174: =+E174*F174 -> 0
B176: 8.5 | C176: JOINTS
C178: Joints in surface beds:
A180: =A174+1 -> 30 | C180: Joints (B) - Expansion Joint and waterstop in floor or footing | D180: m | E180: =SUM(I180:N180) -> 0 | F180: 375 | G180: =+E180*F180 -> 0
A182: =A180+1 -> 31 | C182: Joints (C) - Construction Joint | D182: m | E182: =SUM(I182:N182) -> 0 | F182: 355 | G182: =+E182*F182 -> 0
A184: =A182+1 -> 32 | C184: Joints (H) - Isolation Joint and waterstop in floor or footing | D184: m | E184: =SUM(I184:N184) -> 24 | F184: 195 | G184: =+E184*F184 -> 4680 | I184: 24
C186: Joints (D1) - Saw Cut Joint in floor | D186: m | E186: =SUM(I186:N186) -> 0 | F186: 155 | G186: =+E186*F186 -> 0
C188: Joints in walls:
A190: =A184+1 -> 33 | C190: Joint A (Expansion joint in wall) | D190: m | E190: =SUM(I190:N190) -> 0 | F190: =F180 -> 375 | G190: =+E190*F190 -> 0
A192: =A190+1 -> 34 | C192: Joint E (Contraction joint in wall) | D192: m | E192: =SUM(I192:N192) -> 0 | F192: 395 | G192: =+E192*F192 -> 0
A194: =A192+1 -> 35 | C194: Joint E1 (Contraction joint in wall) | D194: m | E194: =SUM(I194:N194) -> 0 | F194: 395 | G194: =+E194*F194 -> 0
A198: CARRIED FORWARD | G198: =SUM(G152:G197) -> 116243
A201: ITEM NO | B201: PAY REF | C201: DESCRIPTION | D201: UNIT | E201: QTY | F201: RATE | G201: AMOUNT
A202: BROUGHT FORWARD | G202: =+G198 -> 116243
...

Sheet Ozone Foundations
A1: GEORGE BIOMASS POWER PLANT
A2: =Summary!A2 -> NAFASI WATER - ARNOT WASTE TREATMENT PLANT | G2: =Summary!C2 -> Revision T1
A3: =Summary!A3 -> PILING AND CIVIL WORK
A4: SECTION 6 - BILL OF QUANTITIES | G4: =Summary!C4 -> 45183
A6: ITEM NO | B6: PAY REF | C6: DESCRIPTION | D6: UNIT | E6: QTY | F6: RATE | G6: AMOUNT | I6: Foundations
C8: OZONE BUILDING FOUNDATIONS
B10: SANS 1200F | C10: PILING (BORED PILES) | E10: =IF(SUM(H10:M10)>0,SUM(H10:M10),"")
E11: =IF(SUM(H11:M11)>0,SUM(H11:M11),"")
C12: Move equipment and setup: | E12: =IF(SUM(H12:M12)>0,SUM(H12:M12),"")
E13: =IF(SUM(H13:M13)>0,SUM(H13:M13),"")
A14: 1 | C14: Move equipment to and set up each pile position for heavy bored cast-in-situ piles (610mm diameter) | D14: No | E14: =SUM(I14:N14) -> 0 | F14: 1150 | G14: =+E14*F14 -> 0 | I14: 0 | J14: 0 | K14: 0 | L14: 0 | M14: 0 | N14: 0
C16: Bore Holes for Piles:
C17: Bored holes for cast-in-situ piles of 610mm diameter (heavy) through material situated in the following successive depth ranges:
A19: 2 | C19: 0m up to 10m | D19: m | E19: =SUM(I19:N19) -> 0 | F19: 1850 | G19: =+E19*F19 -> 0 | I19: =I14*10 -> 0 | J19: =J14*10 -> 0 | K19: =K14*10 -> 0 | L19: =L14*10 -> 0 | M19: =M14*10 -> 0 | N19: =N14*10 -> 0
A21: 3 | C21: 10m up to 20m | D21: m | E21: =SUM(I21:N21) -> 0 | F21: =F19 -> 1850 | G21: =+E21*F21 -> 0 | I21: =I14*5 -> 0 | J21: =J14*5 -> 0 | K21: =K14*5 -> 0 | L21: =L14*5 -> 0 | M21: =M14*5 -> 0 | N21: =N14*5 -> 0
C23: Forming of Bulbous bases:
A25: 4 | C25: For DCS piles of 610mm diameter | D25: No | E25: =SUM(I25:N25) -> 0 | F25: 1250 | G25: =+E25*F25 -> 0 | I25: =I14 -> 0 | J25: =J14 -> 0 | K25: =K14 -> 0 | L25: =L14 -> 0 | M25: =M14 -> 0 | N25: =N14 -> 0
C27: Steel reinforcement in cast-in-situ piles:
A29: 5 | C29: Mild steel, Plain | D29: t | E29: =SUM(I29:N29) -> 0 | F29: 29500 | G29: =+E29*F29 -> 0 | I29: =(I19+I21)*0.00325 -> 0 | J29: =(J19+J21)*0.00325 -> 0 | K29: =(K19+K21)*0.00325 -> 0 | L29: =(L19+L21)*0.00325 -> 0 | M29: =(M19+M21)*0.00325 -> 0 | N29: =(N19+N21)*0.00325 -> 0
A31: 6 | C31: High yield stress steel | D31: t | E31: =SUM(I31:AG31) -> 0 | F31: 28000 | G31: =+E31*F31 -> 0 | I31: =(I19+I21)*0.0215 -> 0 | J31: =(J19+J21)*0.0215 -> 0 | K31: =(K19+K21)*0.0215 -> 0 | L31: =(L19+L21)*0.0215 -> 0 | M31: =(M19+M21)*0.0215 -> 0 | N31: =(N19+N21)*0.0215 -> 0
C33: Concrete for cast-in-situ piles, under reams and sockets:
A35: 7 | C35: Compressive Strength 30Mpa/19mm
C37: Piles | D37: m3 | E37: =SUM(I37:N37) -> 0 | F37: 3500 | G37: =+E37*F37 -> 0 | I37: =((I19+I21)*0.292)+(I14*0.75) -> 0 | J37: =((J19+J21)*0.292)+(J14*0.75) -> 0 | K37: =((K19+K21)*0.292)+(K14*0.75) -> 0 | L37: =((L19+L21)*0.292)+(L14*0.75) -> 0 | M37: =((M19+M21)*0.292)+(M14*0.75) -> 0 | N37: =((N19+N21)*0.292)+(N14*0.75) -> 0
B39: PSF 8.2.20 | C39: Strip / cut heads off:
A41: 8 | C41: 610mm diameter bored pile | D41: No | E41: =SUM(I41:N41) -> 0 | F41: 875 | G41: =+E41*F41 -> 0 | I41: =I14 -> 0 | J41: =J14 -> 0 | K41: =K14 -> 0 | L41: =L14 -> 0 | M41: =M14 -> 0 | N41: =N14 -> 0
B43: SANS 1200D | C43: EARTHWORKS
A45: 9 | B45: 8.3.3 | C45: Rip and scarify in-situ material for a depth of 150mm, breaking down oversize material, adding suitable material where necessary and compact to 93% Mod AASHTO density | D45: m2 | E45: =SUM(I45:N45) -> 0 | F45: 225 | G45: =+E45*F45 -> 0
A48: CARRIED FORWARD | G48: =SUM(G8:G47) -> 0
A51: ITEM NO | B51: PAY REF | C51: DESCRIPTION | D51: UNIT | E51: QTY | F51: RATE | G51: AMOUNT
A52: BROUGHT FORWARD | G52: =+G48 -> 0
B54: 1200D | C54: EARTHWORKS
B56: 8.3.3 | C56: Restricted excavation
C58: Excavation for restricted foundations in all materials and dispose spoil material at a site provided by the Contractor
A60: 10 | C60: Depth up to 2m | D60: m3 | E60: =SUM(I60:N60) -> 16.6 | F60: 175 | G60: =+E60*F60 -> 2905 | I60: 16.6
C62: Extra overs on Item above for:
A64: 11 | C64: Soilcrete backfill under structures as indicated on the drawings or directed by the Engineer | D64: m3 | E64: =SUM(I64:N64) -> 0 | F64: 950 | G64: =+E64*F64 -> 0
C66: (The aggregate of soilcrete shall be mixed with 5% cement of volume and shall consist of approved soil or gravel containing stones, obtained from commercial sources, not bigger than 38mm and with a plasticity index not exceeding 10)
B68: 8.3.4 | C68: Importing of materials
C70: Extra over item for importation of materials from commercial sources:
A72: 12 | C72: Backfill with G5 material compacted to 93% MOD AASHTO from commercial sources selected by the Contractor | D72: m3 | E72: =SUM(I72:N72) -> 7.6 | F72: 725 | G72: =+E72*F72 -> 5510 | I72: 7.6
B74: SANS 1200G | C74: CONCRETE (STRUCTURAL)
B76: 8.2 | C76: SCHEDULED FORMWORK ITEMS
B78: 8.2.1 | C78: Rough:
C80: Vertical formwork to:
A82: 13 | C82: Bases | D82: m2 | E82: =SUM(I82:N82) -> 18 | F82: 475 | G82: =+E82*F82 -> 8550 | I82: 18
B84: 8.2.2 | C84: Smooth
C86: Vertical formwork to:
A88: 14 | C88: Sides of stub-columns / columns | D88: m2 | E88: =SUM(I88:N88) -> 14.4 | F88: 750 | G88: =+E88*F88 -> 10800 | I88: 14.4
A90: 15 | C90: Sides of bases | D90: m2 | E90: =SUM(I90:N90) -> 0 | F90: 635 | G90: =+E90*F90 -> 0
A92: 16 | C92: Sides of walls | D92: m2 | E92: =SUM(I92:N92) -> 0 | F92: 850 | G92: =+E92*F92 -> 0
A94: 17 | C94: Elevated Slab | D94: m2 | E94: =SUM(I94:N94) -> 0 | F94: 775 | G94: =+E94*F94 -> 0
A96: CARRIED FORWARD | G96: =SUM(G52:G95) -> 27765
A99: ITEM NO | B99: PAY REF | C99: DESCRIPTION | D99: UNIT | E99: QTY | F99: RATE | G99: AMOUNT
A100: BROUGHT FORWARD | G100: =+G96 -> 27765
C102: Horisontal Formwork
A104: 18 | C104: Soffits - 8m high | D104: m2 | E104: =SUM(I104:N104) -> 0 | F104: 1150 | G104: =+E104*F104 -> 0
B106: 8.2.5 | C106: Narrow Widths (up to 300mm wide):
A108: 19 | C108: Over 100mm and up to 200mm | D108: m | E108: =SUM(I108:N108) -> 0 | F108: 135 | G108: =+E108*F108 -> 0
B110: 8.2.6 | C110: Box Out Holes / Form Voids:
C112: Small, other than circular, of area up to and including 0.15m2, and in the following depth ranges:
A114: 20 | C114: 0m up to and including 0,5m | D114: No | E114: =SUM(I114:N114) -> 0 | F114: 75 | G114: =+E114*F114 -> 0
C116: Over 0.5m up to 1m | D116: No | E116: =SUM(I116:N116) -> 0 | F116: 275 | G116: =+E116*F116 -> 0
C118: Grooves, chases and splayes:
A120: =A114+1 -> 21 | C120: 25mm x 25mm Chamfers | D120: m | E120: =SUM(I120:AG120) -> 60 | F120: 36 | G120: =+E120*F120 -> 2160 | I120: 60
B122: 8.3 | C122: SCHEDULED REINFORCING ITEMS
B124: 8.3.1 | C124: High-tensile steel bars in the following:
A126: =A120+1 -> 22 | C126: All diameters | D126: t | E126: =SUM(I126:N126) -> 1.4 | F126: 25750 | G126: =+E126*F126 -> 36050 | I126: 1.4
B128: 8.3.2 | C128: High Tensile Welded Mesh
A130: =A126+1 -> 23 | C130: Ref.395 mesh reinforcement | D130: m2 | E130: =SUM(I130:N130) -> 0 | F130: 345 | G130: =+E130*F130 -> 0
B132: 8.4 | C132: SCHEDULED CONCRETE ITEMS
B134: 8.4.2 | C134: Blinding layer in:
C136: Class 15Mpa/19mm:
A138: =A130+1 -> 24 | C138: 50mm Thickness | D138: m2 | E138: =SUM(I138:N138) -> 30.2 | F138: 175 | G138: =+E138*F138 -> 5285 | I138: 30.2
A148: CARRIED FORWARD | G148: =SUM(G100:G147) -> 71260
A151: ITEM NO | B151: PAY REF | C151: DESCRIPTION | D151: UNIT | E151: QTY | F151: RATE | G151: AMOUNT
A152: BROUGHT FORWARD | G152: =+G148 -> 71260
C154: Class 30Mpa/19mm in:
A156: =A138+1 -> 25 | C156: Stub-columns / Columns | D156: m3 | E156: =SUM(I156:N156) -> 3 | F156: 3550 | G156: =+E156*F156 -> 10650 | I156: 3
A158: =A156+1 -> 26 | C158: Bases | D158: m3 | E158: =SUM(I158:N158) -> 9 | F158: 3200 | G158: =+E158*F158 -> 28800 | I158: 9
A160: 25 | C160: Retaining walls | D160: m3 | E160: =SUM(I160:N160) -> 0 | F160: 3350 | G160: =+E160*F160 -> 0
A162: 26 | C162: Surface beds including thickenings | D162: m3 | E162: =SUM(I162:N162) -> 0 | F162: 3200 | G162: =+E162*F162 -> 0
A164: =A162+1 -> 27 | C164: Elevated Slabs | D164: m3 | E164: =SUM(I164:N164) -> 0 | F164: 3650 | G164: =+E164*F164 -> 0
B166: 8.4.4 | C166: Unformed Surface Finishes
C168: Wood-floated finish to:
A170: =A164+1 -> 28 | C170: Bases | D170: m2 | E170: =SUM(I170:N170) -> 18 | F170: 46 | G170: =+E170*F170 -> 828 | I170: 18
C172: Power-floated finish to:
A174: =A170+1 -> 29 | C174: Top of surface beds | D174: m2 | E174: =SUM(I174:N174) -> 0 | F174: 75 | G174: =+E174*F174 -> 0
B176: 8.5 | C176: JOINTS
C178: Joints in surface beds:
A180: =A174+1 -> 30 | C180: Joints (B) - Expansion Joint and waterstop in floor or footing | D180: m | E180: =SUM(I180:N180) -> 0 | F180: 375 | G180: =+E180*F180 -> 0
A182: =A180+1 -> 31 | C182: Joints (C) - Construction Joint | D182: m | E182: =SUM(I182:N182) -> 0 | F182: 355 | G182: =+E182*F182 -> 0
A184: =A182+1 -> 32 | C184: Joints (H) - Isolation Joint and waterstop in floor or footing | D184: m | E184: =SUM(I184:N184) -> 24 | F184: 195 | G184: =+E184*F184 -> 4680 | I184: 24
C186: Joints (D1) - Saw Cut Joint in floor | D186: m | E186: =SUM(I186:N186) -> 0 | F186: 155 | G186: =+E186*F186 -> 0
C188: Joints in walls:
A190: =A184+1 -> 33 | C190: Joint A (Expansion joint in wall) | D190: m | E190: =SUM(I190:N190) -> 0 | F190: =F180 -> 375 | G190: =+E190*F190 -> 0
A192: =A190+1 -> 34 | C192: Joint E (Contraction joint in wall) | D192: m | E192: =SUM(I192:N192) -> 0 | F192: 395 | G192: =+E192*F192 -> 0
A194: =A192+1 -> 35 | C194: Joint E1 (Contraction joint in wall) | D194: m | E194: =SUM(I194:N194) -> 0 | F194: 395 | G194: =+E194*F194 -> 0
A198: CARRIED FORWARD | G198: =SUM(G152:G197) -> 116218
A201: ITEM NO | B201: PAY REF | C201: DESCRIPTION | D201: UNIT | E201: QTY | F201: RATE | G201: AMOUNT
A202: BROUGHT FORWARD | G202: =+G198 -> 116218
...

Sheet Water Tanks Foundations
A1: GEORGE BIOMASS POWER PLANT
A2: =Summary!A2 -> NAFASI WATER - ARNOT WASTE TREATMENT PLANT | G2: =Summary!C2 -> Revision T1
A3: =Summary!A3 -> PILING AND CIVIL WORK
A4: SECTION 7 - BILL OF QUANTITIES | G4: =Summary!C4 -> 45183
A6: ITEM NO | B6: PAY REF | C6: DESCRIPTION | D6: UNIT | E6: QTY | F6: RATE | G6: AMOUNT | I6: Foundations | J6: Surface Beds | K6: Pump Plinths | L6: Sump
C8: WATER TANKS FOUNDATIONS
B10: SANS 1200F | C10: PILING (BORED PILES) | E10: =IF(SUM(H10:M10)>0,SUM(H10:M10),"")
E11: =IF(SUM(H11:M11)>0,SUM(H11:M11),"")
C12: Move equipment and setup: | E12: =IF(SUM(H12:M12)>0,SUM(H12:M12),"")
E13: =IF(SUM(H13:M13)>0,SUM(H13:M13),"")
A14: 1 | C14: Move equipment to and set up each pile position for heavy bored cast-in-situ piles (610mm diameter) | D14: No | E14: =SUM(I14:N14) -> 0 | F14: 1150 | G14: =+E14*F14 -> 0 | I14: 0 | J14: 0 | K14: 0 | L14: 0 | M14: 0 | N14: 0
C16: Bore Holes for Piles:
C17: Bored holes for cast-in-situ piles of 610mm diameter (heavy) through material situated in the following successive depth ranges:
A19: 2 | C19: 0m up to 10m | D19: m | E19: =SUM(I19:N19) -> 0 | F19: 1850 | G19: =+E19*F19 -> 0 | I19: =I14*10 -> 0 | J19: =J14*10 -> 0 | K19: =K14*10 -> 0 | L19: =L14*10 -> 0 | M19: =M14*10 -> 0 | N19: =N14*10 -> 0
A21: 3 | C21: 10m up to 20m | D21: m | E21: =SUM(I21:N21) -> 0 | F21: =F19 -> 1850 | G21: =+E21*F21 -> 0 | I21: =I14*5 -> 0 | J21: =J14*5 -> 0 | K21: =K14*5 -> 0 | L21: =L14*5 -> 0 | M21: =M14*5 -> 0 | N21: =N14*5 -> 0
C23: Forming of Bulbous bases:
A25: 4 | C25: For DCS piles of 610mm diameter | D25: No | E25: =SUM(I25:N25) -> 0 | F25: 1250 | G25: =+E25*F25 -> 0 | I25: =I14 -> 0 | J25: =J14 -> 0 | K25: =K14 -> 0 | L25: =L14 -> 0 | M25: =M14 -> 0 | N25: =N14 -> 0
C27: Steel reinforcement in cast-in-situ piles:
A29: 5 | C29: Mild steel, Plain | D29: t | E29: =SUM(I29:N29) -> 0 | F29: 29500 | G29: =+E29*F29 -> 0 | I29: =(I19+I21)*0.00325 -> 0 | J29: =(J19+J21)*0.00325 -> 0 | K29: =(K19+K21)*0.00325 -> 0 | L29: =(L19+L21)*0.00325 -> 0 | M29: =(M19+M21)*0.00325 -> 0 | N29: =(N19+N21)*0.00325 -> 0
A31: 6 | C31: High yield stress steel | D31: t | E31: =SUM(I31:AG31) -> 0 | F31: 28000 | G31: =+E31*F31 -> 0 | I31: =(I19+I21)*0.0215 -> 0 | J31: =(J19+J21)*0.0215 -> 0 | K31: =(K19+K21)*0.0215 -> 0 | L31: =(L19+L21)*0.0215 -> 0 | M31: =(M19+M21)*0.0215 -> 0 | N31: =(N19+N21)*0.0215 -> 0
C33: Concrete for cast-in-situ piles, under reams and sockets:
A35: 7 | C35: Compressive Strength 30Mpa/19mm
C37: Piles | D37: m3 | E37: =SUM(I37:N37) -> 0 | F37: 3500 | G37: =+E37*F37 -> 0 | I37: =((I19+I21)*0.292)+(I14*0.75) -> 0 | J37: =((J19+J21)*0.292)+(J14*0.75) -> 0 | K37: =((K19+K21)*0.292)+(K14*0.75) -> 0 | L37: =((L19+L21)*0.292)+(L14*0.75) -> 0 | M37: =((M19+M21)*0.292)+(M14*0.75) -> 0 | N37: =((N19+N21)*0.292)+(N14*0.75) -> 0
B39: PSF 8.2.20 | C39: Strip / cut heads off:
A41: 8 | C41: 610mm diameter bored pile | D41: No | E41: =SUM(I41:N41) -> 0 | F41: 875 | G41: =+E41*F41 -> 0 | I41: =I14 -> 0 | J41: =J14 -> 0 | K41: =K14 -> 0 | L41: =L14 -> 0 | M41: =M14 -> 0 | N41: =N14 -> 0
B43: SANS 1200D | C43: EARTHWORKS
A45: 9 | B45: 8.3.3 | C45: Rip and scarify in-situ material for a depth of 150mm, breaking down oversize material, adding suitable material where necessary and compact to 93% Mod AASHTO density | D45: m2 | E45: =SUM(I45:N45) -> 220 | F45: 225 | G45: =+E45*F45 -> 49500 | J45: 220
A48: CARRIED FORWARD | G48: =SUM(G8:G47) -> 49500
A51: ITEM NO | B51: PAY REF | C51: DESCRIPTION | D51: UNIT | E51: QTY | F51: RATE | G51: AMOUNT
A52: BROUGHT FORWARD | G52: =+G48 -> 49500
B54: 1200D | C54: EARTHWORKS
B56: 8.3.3 | C56: Restricted excavation
C58: Excavation for restricted foundations in all materials and dispose spoil material at a site provided by the Contractor
A60: 10 | C60: Depth up to 2m | D60: m3 | E60: =SUM(I60:N60) -> 181.3 | F60: 175 | G60: =+E60*F60 -> 31727.5 | I60: 94.9 | L60: 86.4
C62: Extra overs on Item above for:
A64: 11 | C64: Soilcrete backfill under structures as indicated on the drawings or directed by the Engineer | D64: m3 | E64: =SUM(I64:N64) -> 0 | F64: 950 | G64: =+E64*F64 -> 0
C66: (The aggregate of soilcrete shall be mixed with 5% cement of volume and shall consist of approved soil or gravel containing stones, obtained from commercial sources, not bigger than 38mm and with a plasticity index not exceeding 10)
B68: 8.3.4 | C68: Importing of materials
C70: Extra over item for importation of materials from commercial sources:
A72: 12 | C72: Backfill with G5 material compacted to 93% MOD AASHTO from commercial sources selected by the Contractor | D72: m3 | E72: =SUM(I72:N72) -> 77.68 | F72: 725 | G72: =+E72*F72 -> 56318 | I72: 32.5 | L72: 45.18
B74: SANS 1200G | C74: CONCRETE (STRUCTURAL)
B76: 8.2 | C76: SCHEDULED FORMWORK ITEMS
B78: 8.2.1 | C78: Rough:
C80: Vertical formwork to:
A82: 13 | C82: Bases | D82: m2 | E82: =SUM(I82:N82) -> 67.88 | F82: 475 | G82: =+E82*F82 -> 32243 | I82: 60.2 | L82: 7.68
B84: 8.2.2 | C84: Smooth
C86: Vertical formwork to:
A88: 14 | C88: Sides of stub-columns / columns | D88: m2 | E88: =SUM(I88:N88) -> 147.9 | F88: 750 | G88: =+E88*F88 -> 110925 | I88: 132.9 | K88: 15
A90: 15 | C90: Sides of bases | D90: m2 | E90: =SUM(I90:N90) -> 0 | F90: 635 | G90: =+E90*F90 -> 0
A92: 16 | C92: Sides of walls | D92: m2 | E92: =SUM(I92:N92) -> 30 | F92: 850 | G92: =+E92*F92 -> 25500 | L92: 30
A94: 17 | C94: Elevated Slab | D94: m2 | E94: =SUM(I94:N94) -> 0 | F94: 775 | G94: =+E94*F94 -> 0
A96: CARRIED FORWARD | G96: =SUM(G52:G95) -> 306213.5
A99: ITEM NO | B99: PAY REF | C99: DESCRIPTION | D99: UNIT | E99: QTY | F99: RATE | G99: AMOUNT
A100: BROUGHT FORWARD | G100: =+G96 -> 306213.5
C102: Horisontal Formwork
A104: 18 | C104: Soffits - 8m high | D104: m2 | E104: =SUM(I104:N104) -> 0 | F104: 1150 | G104: =+E104*F104 -> 0
B106: 8.2.5 | C106: Narrow Widths (up to 300mm wide):
A108: 19 | C108: Over 100mm and up to 200mm | D108: m | E108: =SUM(I108:N108) -> 60 | F108: 135 | G108: =+E108*F108 -> 8100 | J108: 60
B110: 8.2.6 | C110: Box Out Holes / Form Voids:
C112: Small, other than circular, of area up to and including 0.15m2, and in the following depth ranges:
A114: 20 | C114: 0m up to and including 0,5m | D114: No | E114: =SUM(I114:N114) -> 104 | F114: 75 | G114: =+E114*F114 -> 7800 | I114: 40 | K114: 64
C116: Over 0.5m up to 1m | D116: No | E116: =SUM(I116:N116) -> 0 | F116: 275 | G116: =+E116*F116 -> 0
C118: Grooves, chases and splayes:
A120: =A114+1 -> 21 | C120: 25mm x 25mm Chamfers | D120: m | E120: =SUM(I120:AG120) -> 268.5 | F120: 36 | G120: =+E120*F120 -> 9666 | I120: 208.5 | K120: 60
B122: 8.3 | C122: SCHEDULED REINFORCING ITEMS
B124: 8.3.1 | C124: High-tensile steel bars in the following:
A126: =A120+1 -> 22 | C126: All diameters | D126: t | E126: =SUM(I126:N126) -> 11.77 | F126: 25750 | G126: =+E126*F126 -> 303077.5 | I126: 9 | K126: 0.72 | L126: 2.05
B128: 8.3.2 | C128: High Tensile Welded Mesh
A130: =A126+1 -> 23 | C130: Ref.395 mesh reinforcement | D130: m2 | E130: =SUM(I130:N130) -> 200 | F130: 345 | G130: =+E130*F130 -> 69000 | J130: 200
B132: 8.4 | C132: SCHEDULED CONCRETE ITEMS
B134: 8.4.2 | C134: Blinding layer in:
C136: Class 15Mpa/19mm:
A138: =A130+1 -> 24 | C138: 50mm Thickness | D138: m2 | E138: =SUM(I138:N138) -> 269.04 | F138: 175 | G138: =+E138*F138 -> 47082 | I138: 246 | L138: 23.04
A148: CARRIED FORWARD | G148: =SUM(G100:G147) -> 750939
A151: ITEM NO | B151: PAY REF | C151: DESCRIPTION | D151: UNIT | E151: QTY | F151: RATE | G151: AMOUNT
A152: BROUGHT FORWARD | G152: =+G148 -> 750939
C154: Class 30Mpa/19mm in:
A156: =A138+1 -> 25 | C156: Stub-columns / Columns | D156: m3 | E156: =SUM(I156:N156) -> 22 | F156: 3550 | G156: =+E156*F156 -> 78100 | I156: 16 | K156: 6
A158: =A156+1 -> 26 | C158: Bases | D158: m3 | E158: =SUM(I158:N158) -> 71.62 | F158: 3200 | G158: =+E158*F158 -> 229184 | I158: 62.4 | L158: 9.22
A160: 25 | C160: Retaining walls | D160: m3 | E160: =SUM(I160:N160) -> 7.5 | F160: 3350 | G160: =+E160*F160 -> 25125 | L160: 7.5
A162: 26 | C162: Surface beds including thickenings | D162: m3 | E162: =SUM(I162:N162) -> 25 | F162: 3200 | G162: =+E162*F162 -> 80000 | J162: 25
A164: =A162+1 -> 27 | C164: Elevated Slabs | D164: m3 | E164: =SUM(I164:N164) -> 0 | F164: 3650 | G164: =+E164*F164 -> 0
B166: 8.4.4 | C166: Unformed Surface Finishes
C168: Wood-floated finish to:
A170: =A164+1 -> 28 | C170: Bases | D170: m2 | E170: =SUM(I170:N170) -> 216.14 | F170: 46 | G170: =+E170*F170 -> 9942.44 | I170: 193.1 | L170: 23.04
C172: Power-floated finish to:
A174: =A170+1 -> 29 | C174: Top of surface beds | D174: m2 | E174: =SUM(I174:N174) -> 200 | F174: 75 | G174: =+E174*F174 -> 15000 | J174: 200
B176: 8.5 | C176: JOINTS
C178: Joints in surface beds:
A180: =A174+1 -> 30 | C180: Joints (B) - Expansion Joint and waterstop in floor or footing | D180: m | E180: =SUM(I180:N180) -> 0 | F180: 375 | G180: =+E180*F180 -> 0
A182: =A180+1 -> 31 | C182: Joints (C) - Construction Joint | D182: m | E182: =SUM(I182:N182) -> 20 | F182: 355 | G182: =+E182*F182 -> 7100 | J182: 20
A184: =A182+1 -> 32 | C184: Joints (H) - Isolation Joint and waterstop in floor or footing | D184: m | E184: =SUM(I184:N184) -> 167.7 | F184: 195 | G184: =+E184*F184 -> 32701.5 | I184: 47.7 | J184: 60 | K184: 60
C186: Joints (D1) - Saw Cut Joint in floor | D186: m | E186: =SUM(I186:N186) -> 40 | F186: 155 | G186: =+E186*F186 -> 6200 | J186: 40
C188: Joints in walls:
A190: =A184+1 -> 33 | C190: Joint A (Expansion joint in wall) | D190: m | E190: =SUM(I190:N190) -> 0 | F190: =F180 -> 375 | G190: =+E190*F190 -> 0
A192: =A190+1 -> 34 | C192: Joint E (Contraction joint in wall) | D192: m | E192: =SUM(I192:N192) -> 0 | F192: 395 | G192: =+E192*F192 -> 0
A194: =A192+1 -> 35 | C194: Joint E1 (Contraction joint in wall) | D194: m | E194: =SUM(I194:N194) -> 0 | F194: 395 | G194: =+E194*F194 -> 0
A198: CARRIED FORWARD | G198: =SUM(G152:G197) -> 1234291.9
A201: ITEM NO | B201: PAY REF | C201: DESCRIPTION | D201: UNIT | E201: QTY | F201: RATE | G201: AMOUNT
A202: BROUGHT FORWARD | G202: =+G198 -> 1234291.9
...

Sheet Sulpheric Tank Bunded 
A1: GEORGE BIOMASS POWER PLANT
A2: =Summary!A2 -> NAFASI WATER - ARNOT WASTE TREATMENT PLANT | G2: =Summary!C2 -> Revision T1
A3: =Summary!A3 -> PILING AND CIVIL WORK
A4: SECTION 8 - BILL OF QUANTITIES | G4: =Summary!C4 -> 45183
A6: ITEM NO | B6: PAY REF | C6: DESCRIPTION | D6: UNIT | E6: QTY | F6: RATE | G6: AMOUNT | I6: Surface Beds | J6: Retaining Wall | K6: Plinths | L6: Pump Plinths | M6: Sump
C8: SULPHERIC TANKS BUNDED AREA
B10: SANS 1200F | C10: PILING (BORED PILES) | E10: =IF(SUM(H10:M10)>0,SUM(H10:M10),"")
E11: =IF(SUM(H11:M11)>0,SUM(H11:M11),"")
C12: Move equipment and setup: | E12: =IF(SUM(H12:M12)>0,SUM(H12:M12),"")
E13: =IF(SUM(H13:M13)>0,SUM(H13:M13),"")
A14: 1 | C14: Move equipment to and set up each pile position for heavy bored cast-in-situ piles (610mm diameter) | D14: No | E14: =SUM(I14:N14) -> 0 | F14: 1150 | G14: =+E14*F14 -> 0 | I14: 0 | J14: 0 | K14: 0 | L14: 0 | M14: 0 | N14: 0
C16: Bore Holes for Piles:
C17: Bored holes for cast-in-situ piles of 610mm diameter (heavy) through material situated in the following successive depth ranges:
A19: 2 | C19: 0m up to 10m | D19: m | E19: =SUM(I19:N19) -> 0 | F19: 1850 | G19: =+E19*F19 -> 0 | I19: =I14*10 -> 0 | J19: =J14*10 -> 0 | K19: =K14*10 -> 0 | L19: =L14*10 -> 0 | M19: =M14*10 -> 0 | N19: =N14*10 -> 0
A21: 3 | C21: 10m up to 20m | D21: m | E21: =SUM(I21:N21) -> 0 | F21: =F19 -> 1850 | G21: =+E21*F21 -> 0 | I21: =I14*5 -> 0 | J21: =J14*5 -> 0 | K21: =K14*5 -> 0 | L21: =L14*5 -> 0 | M21: =M14*5 -> 0 | N21: =N14*5 -> 0
C23: Forming of Bulbous bases:
A25: 4 | C25: For DCS piles of 610mm diameter | D25: No | E25: =SUM(I25:N25) -> 0 | F25: 1250 | G25: =+E25*F25 -> 0 | I25: =I14 -> 0 | J25: =J14 -> 0 | K25: =K14 -> 0 | L25: =L14 -> 0 | M25: =M14 -> 0 | N25: =N14 -> 0
C27: Steel reinforcement in cast-in-situ piles:
A29: 5 | C29: Mild steel, Plain | D29: t | E29: =SUM(I29:N29) -> 0 | F29: 29500 | G29: =+E29*F29 -> 0 | I29: =(I19+I21)*0.00325 -> 0 | J29: =(J19+J21)*0.00325 -> 0 | K29: =(K19+K21)*0.00325 -> 0 | L29: =(L19+L21)*0.00325 -> 0 | M29: =(M19+M21)*0.00325 -> 0 | N29: =(N19+N21)*0.00325 -> 0
A31: 6 | C31: High yield stress steel | D31: t | E31: =SUM(I31:AG31) -> 0 | F31: 28000 | G31: =+E31*F31 -> 0 | I31: =(I19+I21)*0.0215 -> 0 | J31: =(J19+J21)*0.0215 -> 0 | K31: =(K19+K21)*0.0215 -> 0 | L31: =(L19+L21)*0.0215 -> 0 | M31: =(M19+M21)*0.0215 -> 0 | N31: =(N19+N21)*0.0215 -> 0
C33: Concrete for cast-in-situ piles, under reams and sockets:
A35: 7 | C35: Compressive Strength 30Mpa/19mm
C37: Piles | D37: m3 | E37: =SUM(I37:N37) -> 0 | F37: 3500 | G37: =+E37*F37 -> 0 | I37: =((I19+I21)*0.292)+(I14*0.75) -> 0 | J37: =((J19+J21)*0.292)+(J14*0.75) -> 0 | K37: =((K19+K21)*0.292)+(K14*0.75) -> 0 | L37: =((L19+L21)*0.292)+(L14*0.75) -> 0 | M37: =((M19+M21)*0.292)+(M14*0.75) -> 0 | N37: =((N19+N21)*0.292)+(N14*0.75) -> 0
B39: PSF 8.2.20 | C39: Strip / cut heads off:
A41: 8 | C41: 610mm diameter bored pile | D41: No | E41: =SUM(I41:N41) -> 0 | F41: 875 | G41: =+E41*F41 -> 0 | I41: =I14 -> 0 | J41: =J14 -> 0 | K41: =K14 -> 0 | L41: =L14 -> 0 | M41: =M14 -> 0 | N41: =N14 -> 0
B43: SANS 1200D | C43: EARTHWORKS
A45: 9 | B45: 8.3.3 | C45: Rip and scarify in-situ material for a depth of 150mm, breaking down oversize material, adding suitable material where necessary and compact to 93% Mod AASHTO density | D45: m2 | E45: =SUM(I45:N45) -> 66 | F45: 225 | G45: =+E45*F45 -> 14850 | I45: 66
A48: CARRIED FORWARD | G48: =SUM(G8:G47) -> 14850
A51: ITEM NO | B51: PAY REF | C51: DESCRIPTION | D51: UNIT | E51: QTY | F51: RATE | G51: AMOUNT
A52: BROUGHT FORWARD | G52: =+G48 -> 14850
B54: 1200D | C54: EARTHWORKS
B56: 8.3.3 | C56: Restricted excavation
C58: Excavation for restricted foundations in all materials and dispose spoil material at a site provided by the Contractor
A60: 10 | C60: Depth up to 2m | D60: m3 | E60: =SUM(I60:N60) -> 37.15 | F60: 175 | G60: =+E60*F60 -> 6501.25 | J60: 20 | M60: 17.15
C62: Extra overs on Item above for:
A64: 11 | C64: Soilcrete backfill under structures as indicated on the drawings or directed by the Engineer | D64: m3 | E64: =SUM(I64:N64) -> 0 | F64: 950 | G64: =+E64*F64 -> 0
C66: (The aggregate of soilcrete shall be mixed with 5% cement of volume and shall consist of approved soil or gravel containing stones, obtained from commercial sources, not bigger than 38mm and with a plasticity index not exceeding 10)
B68: 8.3.4 | C68: Importing of materials
C70: Extra over item for importation of materials from commercial sources:
A72: 12 | C72: Backfill with G5 material compacted to 93% MOD AASHTO from commercial sources selected by the Contractor | D72: m3 | E72: =SUM(I72:N72) -> 17.78 | F72: 725 | G72: =+E72*F72 -> 12890.5 | J72: 5 | M72: 12.78
B74: SANS 1200G | C74: CONCRETE (STRUCTURAL)
B76: 8.2 | C76: SCHEDULED FORMWORK ITEMS
B78: 8.2.1 | C78: Rough:
C80: Vertical formwork to:
A82: 13 | C82: Bases | D82: m2 | E82: =SUM(I82:N82) -> 29.68 | F82: 475 | G82: =+E82*F82 -> 14098 | J82: 26 | M82: 3.68
B84: 8.2.2 | C84: Smooth
C86: Vertical formwork to:
A88: 14 | C88: Sides of stub-columns / columns | D88: m2 | E88: =SUM(I88:N88) -> 13 | F88: 750 | G88: =+E88*F88 -> 9750 | K88: 10 | L88: 3
A90: 15 | C90: Sides of bases | D90: m2 | E90: =SUM(I90:N90) -> 0 | F90: 635 | G90: =+E90*F90 -> 0
A92: 16 | C92: Sides of walls | D92: m2 | E92: =SUM(I92:N92) -> 69 | F92: 850 | G92: =+E92*F92 -> 58650 | J92: 64 | M92: 5
A94: 17 | C94: Elevated Slab | D94: m2 | E94: =SUM(I94:N94) -> 0 | F94: 775 | G94: =+E94*F94 -> 0
A96: CARRIED FORWARD | G96: =SUM(G52:G95) -> 116739.75
A99: ITEM NO | B99: PAY REF | C99: DESCRIPTION | D99: UNIT | E99: QTY | F99: RATE | G99: AMOUNT
A100: BROUGHT FORWARD | G100: =+G96 -> 116739.75
C102: Horisontal Formwork
A104: 18 | C104: Soffits - 8m high | D104: m2 | E104: =SUM(I104:N104) -> 0 | F104: 1150 | G104: =+E104*F104 -> 0
B106: 8.2.5 | C106: Narrow Widths (up to 300mm wide):
A108: 19 | C108: Over 100mm and up to 200mm | D108: m | E108: =SUM(I108:N108) -> 48 | F108: 135 | G108: =+E108*F108 -> 6480 | I108: 32 | L108: 16
B110: 8.2.6 | C110: Box Out Holes / Form Voids:
C112: Small, other than circular, of area up to and including 0.15m2, and in the following depth ranges:
A114: 20 | C114: 0m up to and including 0,5m | D114: No | E114: =SUM(I114:N114) -> 0 | F114: 75 | G114: =+E114*F114 -> 0
C116: Over 0.5m up to 1m | D116: No | E116: =SUM(I116:N116) -> 0 | F116: 275 | G116: =+E116*F116 -> 0
C118: Grooves, chases and splayes:
A120: =A114+1 -> 21 | C120: 25mm x 25mm Chamfers | D120: m | E120: =SUM(I120:AG120) -> 86 | F120: 36 | G120: =+E120*F120 -> 3096 | J120: 64 | K120: 10 | L120: 12
B122: 8.3 | C122: SCHEDULED REINFORCING ITEMS
B124: 8.3.1 | C124: High-tensile steel bars in the following:
A126: =A120+1 -> 22 | C126: All diameters | D126: t | E126: =SUM(I126:N126) -> 3.19 | F126: 25750 | G126: =+E126*F126 -> 82142.5 | J126: 2 | K126: 0.72 | L126: 0.07 | M126: 0.4
B128: 8.3.2 | C128: High Tensile Welded Mesh
A130: =A126+1 -> 23 | C130: Ref.395 mesh reinforcement | D130: m2 | E130: =SUM(I130:N130) -> 60 | F130: 345 | G130: =+E130*F130 -> 20700 | I130: 60
B132: 8.4 | C132: SCHEDULED CONCRETE ITEMS
B134: 8.4.2 | C134: Blinding layer in:
C136: Class 15Mpa/19mm:
A138: =A130+1 -> 24 | C138: 50mm Thickness | D138: m2 | E138: =SUM(I138:N138) -> 37.29 | F138: 175 | G138: =+E138*F138 -> 6525.75 | J138: 32 | M138: 5.29
A148: CARRIED FORWARD | G148: =SUM(G100:G147) -> 235684
A151: ITEM NO | B151: PAY REF | C151: DESCRIPTION | D151: UNIT | E151: QTY | F151: RATE | G151: AMOUNT
A152: BROUGHT FORWARD | G152: =+G148 -> 235684
C154: Class 30Mpa/19mm in:
A156: =A138+1 -> 25 | C156: Stub-columns / Columns | D156: m3 | E156: =SUM(I156:N156) -> 6.63 | F156: 3550 | G156: =+E156*F156 -> 23536.5 | K156: 6 | L156: 0.63
A158: =A156+1 -> 26 | C158: Bases | D158: m3 | E158: =SUM(I158:N158) -> 15.12 | F158: 3200 | G158: =+E158*F158 -> 48384 | J158: 13 | M158: 2.12
A160: 25 | C160: Retaining walls | D160: m3 | E160: =SUM(I160:N160) -> 9.25 | F160: 3350 | G160: =+E160*F160 -> 30987.5 | J160: 8 | M160: 1.25
A162: 26 | C162: Surface beds including thickenings | D162: m3 | E162: =SUM(I162:N162) -> 12 | F162: 3200 | G162: =+E162*F162 -> 38400 | I162: 12
A164: =A162+1 -> 27 | C164: Elevated Slabs | D164: m3 | E164: =SUM(I164:N164) -> 0 | F164: 3650 | G164: =+E164*F164 -> 0
B166: 8.4.4 | C166: Unformed Surface Finishes
C168: Wood-floated finish to:
A170: =A164+1 -> 28 | C170: Bases | D170: m2 | E170: =SUM(I170:N170) -> 37.29 | F170: 46 | G170: =+E170*F170 -> 1715.34 | J170: 32 | M170: 5.29
C172: Power-floated finish to:
A174: =A170+1 -> 29 | C174: Top of surface beds | D174: m2 | E174: =SUM(I174:N174) -> 60 | F174: 75 | G174: =+E174*F174 -> 4500 | I174: 60
B176: 8.5 | C176: JOINTS
C178: Joints in surface beds:
A180: =A174+1 -> 30 | C180: Joints (B) - Expansion Joint and waterstop in floor or footing | D180: m | E180: =SUM(I180:N180) -> 0 | F180: 375 | G180: =+E180*F180 -> 0
A182: =A180+1 -> 31 | C182: Joints (C) - Construction Joint | D182: m | E182: =SUM(I182:N182) -> 20 | F182: 355 | G182: =+E182*F182 -> 7100 | I182: 20
A184: =A182+1 -> 32 | C184: Joints (H) - Isolation Joint and waterstop in floor or footing | D184: m | E184: =SUM(I184:N184) -> 54 | F184: 195 | G184: =+E184*F184 -> 10530 | I184: 32 | K184: 10 | L184: 12
C186: Joints (D1) - Saw Cut Joint in floor | D186: m | E186: =SUM(I186:N186) -> 6 | F186: 155 | G186: =+E186*F186 -> 930 | I186: 6
C188: Joints in walls:
A190: =A184+1 -> 33 | C190: Joint A (Expansion joint in wall) | D190: m | E190: =SUM(I190:N190) -> 8 | F190: =F180 -> 375 | G190: =+E190*F190 -> 3000 | J190: 8
A192: =A190+1 -> 34 | C192: Joint E (Contraction joint in wall) | D192: m | E192: =SUM(I192:N192) -> 6 | F192: 395 | G192: =+E192*F192 -> 2370 | J192: 6
A194: =A192+1 -> 35 | C194: Joint E1 (Contraction joint in wall) | D194: m | E194: =SUM(I194:N194) -> 4 | F194: 395 | G194: =+E194*F194 -> 1580 | J194: 4
A198: CARRIED FORWARD | G198: =SUM(G152:G197) -> 408717.34
A201: ITEM NO | B201: PAY REF | C201: DESCRIPTION | D201: UNIT | E201: QTY | F201: RATE | G201: AMOUNT
A202: BROUGHT FORWARD | G202: =+G198 -> 408717.34
...

Sheet Chemical Dosing Bunded
A1: GEORGE BIOMASS POWER PLANT
A2: =Summary!A2 -> NAFASI WATER - ARNOT WASTE TREATMENT PLANT | G2: =Summary!C2 -> Revision T1
A3: =Summary!A3 -> PILING AND CIVIL WORK
A4: SECTION 9 - BILL OF QUANTITIES | G4: =Summary!C4 -> 45183
A6: ITEM NO | B6: PAY REF | C6: DESCRIPTION | D6: UNIT | E6: QTY | F6: RATE | G6: AMOUNT | I6: Surface Beds | J6: Retaining Wall | K6: Sump
C8: CHEMICAL DOSING BUNDED AREA
B10: SANS 1200F | C10: PILING (BORED PILES) | E10: =IF(SUM(H10:M10)>0,SUM(H10:M10),"")
E11: =IF(SUM(H11:M11)>0,SUM(H11:M11),"")
C12: Move equipment and setup: | E12: =IF(SUM(H12:M12)>0,SUM(H12:M12),"")
E13: =IF(SUM(H13:M13)>0,SUM(H13:M13),"")
A14: 1 | C14: Move equipment to and set up each pile position for heavy bored cast-in-situ piles (610mm diameter) | D14: No | E14: =SUM(I14:N14) -> 0 | F14: 1150 | G14: =+E14*F14 -> 0 | I14: 0 | J14: 0 | K14: 0 | L14: 0 | M14: 0 | N14: 0
C16: Bore Holes for Piles:
C17: Bored holes for cast-in-situ piles of 610mm diameter (heavy) through material situated in the following successive depth ranges:
A19: 2 | C19: 0m up to 10m | D19: m | E19: =SUM(I19:N19) -> 0 | F19: 1850 | G19: =+E19*F19 -> 0 | I19: =I14*10 -> 0 | J19: =J14*10 -> 0 | K19: =K14*10 -> 0 | L19: =L14*10 -> 0 | M19: =M14*10 -> 0 | N19: =N14*10 -> 0
A21: 3 | C21: 10m up to 20m | D21: m | E21: =SUM(I21:N21) -> 0 | F21: =F19 -> 1850 | G21: =+E21*F21 -> 0 | I21: =I14*5 -> 0 | J21: =J14*5 -> 0 | K21: =K14*5 -> 0 | L21: =L14*5 -> 0 | M21: =M14*5 -> 0 | N21: =N14*5 -> 0
C23: Forming of Bulbous bases:
A25: 4 | C25: For DCS piles of 610mm diameter | D25: No | E25: =SUM(I25:N25) -> 0 | F25: 1250 | G25: =+E25*F25 -> 0 | I25: =I14 -> 0 | J25: =J14 -> 0 | K25: =K14 -> 0 | L25: =L14 -> 0 | M25: =M14 -> 0 | N25: =N14 -> 0
C27: Steel reinforcement in cast-in-situ piles:
A29: 5 | C29: Mild steel, Plain | D29: t | E29: =SUM(I29:N29) -> 0 | F29: 29500 | G29: =+E29*F29 -> 0 | I29: =(I19+I21)*0.00325 -> 0 | J29: =(J19+J21)*0.00325 -> 0 | K29: =(K19+K21)*0.00325 -> 0 | L29: =(L19+L21)*0.00325 -> 0 | M29: =(M19+M21)*0.00325 -> 0 | N29: =(N19+N21)*0.00325 -> 0
A31: 6 | C31: High yield stress steel | D31: t | E31: =SUM(I31:AG31) -> 0 | F31: 28000 | G31: =+E31*F31 -> 0 | I31: =(I19+I21)*0.0215 -> 0 | J31: =(J19+J21)*0.0215 -> 0 | K31: =(K19+K21)*0.0215 -> 0 | L31: =(L19+L21)*0.0215 -> 0 | M31: =(M19+M21)*0.0215 -> 0 | N31: =(N19+N21)*0.0215 -> 0
C33: Concrete for cast-in-situ piles, under reams and sockets:
A35: 7 | C35: Compressive Strength 30Mpa/19mm
C37: Piles | D37: m3 | E37: =SUM(I37:N37) -> 0 | F37: 3500 | G37: =+E37*F37 -> 0 | I37: =((I19+I21)*0.292)+(I14*0.75) -> 0 | J37: =((J19+J21)*0.292)+(J14*0.75) -> 0 | K37: =((K19+K21)*0.292)+(K14*0.75) -> 0 | L37: =((L19+L21)*0.292)+(L14*0.75) -> 0 | M37: =((M19+M21)*0.292)+(M14*0.75) -> 0 | N37: =((N19+N21)*0.292)+(N14*0.75) -> 0
B39: PSF 8.2.20 | C39: Strip / cut heads off:
A41: 8 | C41: 610mm diameter bored pile | D41: No | E41: =SUM(I41:N41) -> 0 | F41: 875 | G41: =+E41*F41 -> 0 | I41: =I14 -> 0 | J41: =J14 -> 0 | K41: =K14 -> 0 | L41: =L14 -> 0 | M41: =M14 -> 0 | N41: =N14 -> 0
B43: SANS 1200D | C43: EARTHWORKS
A45: 9 | B45: 8.3.3 | C45: Rip and scarify in-situ material for a depth of 150mm, breaking down oversize material, adding suitable material where necessary and compact to 93% Mod AASHTO density | D45: m2 | E45: =SUM(I45:N45) -> 110 | F45: 225 | G45: =+E45*F45 -> 24750 | I45: 110
A48: CARRIED FORWARD | G48: =SUM(G8:G47) -> 24750
A51: ITEM NO | B51: PAY REF | C51: DESCRIPTION | D51: UNIT | E51: QTY | F51: RATE | G51: AMOUNT
A52: BROUGHT FORWARD | G52: =+G48 -> 24750
B54: 1200D | C54: EARTHWORKS
B56: 8.3.3 | C56: Restricted excavation
C58: Excavation for restricted foundations in all materials and dispose spoil material at a site provided by the Contractor
A60: 10 | C60: Depth up to 2m | D60: m3 | E60: =SUM(I60:N60) -> 148.15 | F60: 175 | G60: =+E60*F60 -> 25926.25 | J60: 131 | K60: 17.15
C62: Extra overs on Item above for:
A64: 11 | C64: Soilcrete backfill under structures as indicated on the drawings or directed by the Engineer | D64: m3 | E64: =SUM(I64:N64) -> 0 | F64: 950 | G64: =+E64*F64 -> 0
C66: (The aggregate of soilcrete shall be mixed with 5% cement of volume and shall consist of approved soil or gravel containing stones, obtained from commercial sources, not bigger than 38mm and with a plasticity index not exceeding 10)
B68: 8.3.4 | C68: Importing of materials
C70: Extra over item for importation of materials from commercial sources:
A72: 12 | C72: Backfill with G5 material compacted to 93% MOD AASHTO from commercial sources selected by the Contractor | D72: m3 | E72: =SUM(I72:N72) -> 105.78 | F72: 725 | G72: =+E72*F72 -> 76690.5 | J72: 93 | K72: 12.78
B74: SANS 1200G | C74: CONCRETE (STRUCTURAL)
B76: 8.2 | C76: SCHEDULED FORMWORK ITEMS
B78: 8.2.1 | C78: Rough:
C80: Vertical formwork to:
A82: 13 | C82: Bases | D82: m2 | E82: =SUM(I82:N82) -> 59.68 | F82: 475 | G82: =+E82*F82 -> 28348 | J82: 56 | K82: 3.68
B84: 8.2.2 | C84: Smooth
C86: Vertical formwork to:
A88: 14 | C88: Sides of stub-columns / columns | D88: m2 | E88: =SUM(I88:N88) -> 0 | F88: 750 | G88: =+E88*F88 -> 0
A90: 15 | C90: Sides of bases | D90: m2 | E90: =SUM(I90:N90) -> 0 | F90: 635 | G90: =+E90*F90 -> 0
A92: 16 | C92: Sides of walls | D92: m2 | E92: =SUM(I92:N92) -> 295 | F92: 850 | G92: =+E92*F92 -> 250750 | J92: 290 | K92: 5
A94: 17 | C94: Elevated Slab | D94: m2 | E94: =SUM(I94:N94) -> 0 | F94: 775 | G94: =+E94*F94 -> 0
A96: CARRIED FORWARD | G96: =SUM(G52:G95) -> 406464.75
A99: ITEM NO | B99: PAY REF | C99: DESCRIPTION | D99: UNIT | E99: QTY | F99: RATE | G99: AMOUNT
A100: BROUGHT FORWARD | G100: =+G96 -> 406464.75
C102: Horisontal Formwork
A104: 18 | C104: Soffits - 8m high | D104: m2 | E104: =SUM(I104:N104) -> 0 | F104: 1150 | G104: =+E104*F104 -> 0
B106: 8.2.5 | C106: Narrow Widths (up to 300mm wide):
A108: 19 | C108: Over 100mm and up to 200mm | D108: m | E108: =SUM(I108:N108) -> 50 | F108: 135 | G108: =+E108*F108 -> 6750 | I108: 50
B110: 8.2.6 | C110: Box Out Holes / Form Voids:
C112: Small, other than circular, of area up to and including 0.15m2, and in the following depth ranges:
A114: 20 | C114: 0m up to and including 0,5m | D114: No | E114: =SUM(I114:N114) -> 0 | F114: 75 | G114: =+E114*F114 -> 0
C116: Over 0.5m up to 1m | D116: No | E116: =SUM(I116:N116) -> 0 | F116: 275 | G116: =+E116*F116 -> 0
C118: Grooves, chases and splayes:
A120: =A114+1 -> 21 | C120: 25mm x 25mm Chamfers | D120: m | E120: =SUM(I120:AG120) -> 140 | F120: 36 | G120: =+E120*F120 -> 5040 | J120: 140
B122: 8.3 | C122: SCHEDULED REINFORCING ITEMS
B124: 8.3.1 | C124: High-tensile steel bars in the following:
A126: =A120+1 -> 22 | C126: All diameters | D126: t | E126: =SUM(I126:N126) -> 8.8 | F126: 25750 | G126: =+E126*F126 -> 226600 | J126: 8.4 | K126: 0.4
B128: 8.3.2 | C128: High Tensile Welded Mesh
A130: =A126+1 -> 23 | C130: Ref.395 mesh reinforcement | D130: m2 | E130: =SUM(I130:N130) -> 100 | F130: 345 | G130: =+E130*F130 -> 34500 | I130: 100
B132: 8.4 | C132: SCHEDULED CONCRETE ITEMS
B134: 8.4.2 | C134: Blinding layer in:
C136: Class 15Mpa/19mm:
A138: =A130+1 -> 24 | C138: 50mm Thickness | D138: m2 | E138: =SUM(I138:N138) -> 97.29 | F138: 175 | G138: =+E138*F138 -> 17025.75 | J138: 92 | K138: 5.29
A148: CARRIED FORWARD | G148: =SUM(G100:G147) -> 696380.5
A151: ITEM NO | B151: PAY REF | C151: DESCRIPTION | D151: UNIT | E151: QTY | F151: RATE | G151: AMOUNT
A152: BROUGHT FORWARD | G152: =+G148 -> 696380.5
C154: Class 30Mpa/19mm in:
A156: =A138+1 -> 25 | C156: Stub-columns / Columns | D156: m3 | E156: =SUM(I156:N156) -> 0 | F156: 3550 | G156: =+E156*F156 -> 0
A158: =A156+1 -> 26 | C158: Bases | D158: m3 | E158: =SUM(I158:N158) -> 39.12 | F158: 3200 | G158: =+E158*F158 -> 125184 | J158: 37 | K158: 2.12
A160: 25 | C160: Retaining walls | D160: m3 | E160: =SUM(I160:N160) -> 30.25 | F160: 3350 | G160: =+E160*F160 -> 101337.5 | J160: 29 | K160: 1.25
A162: 26 | C162: Surface beds including thickenings | D162: m3 | E162: =SUM(I162:N162) -> 20 | F162: 3200 | G162: =+E162*F162 -> 64000 | I162: 20
A164: =A162+1 -> 27 | C164: Elevated Slabs | D164: m3 | E164: =SUM(I164:N164) -> 0 | F164: 3650 | G164: =+E164*F164 -> 0
B166: 8.4.4 | C166: Unformed Surface Finishes
C168: Wood-floated finish to:
A170: =A164+1 -> 28 | C170: Bases | D170: m2 | E170: =SUM(I170:N170) -> 97.29 | F170: 46 | G170: =+E170*F170 -> 4475.34 | J170: 92 | K170: 5.29
C172: Power-floated finish to:
A174: =A170+1 -> 29 | C174: Top of surface beds | D174: m2 | E174: =SUM(I174:N174) -> 100 | F174: 75 | G174: =+E174*F174 -> 7500 | I174: 100
B176: 8.5 | C176: JOINTS
C178: Joints in surface beds:
A180: =A174+1 -> 30 | C180: Joints (B) - Expansion Joint and waterstop in floor or footing | D180: m | E180: =SUM(I180:N180) -> 0 | F180: 375 | G180: =+E180*F180 -> 0
A182: =A180+1 -> 31 | C182: Joints (C) - Construction Joint | D182: m | E182: =SUM(I182:N182) -> 50 | F182: 355 | G182: =+E182*F182 -> 17750 | I182: 50
A184: =A182+1 -> 32 | C184: Joints (H) - Isolation Joint and waterstop in floor or footing | D184: m | E184: =SUM(I184:N184) -> 50 | F184: 195 | G184: =+E184*F184 -> 9750 | I184: 50
C186: Joints (D1) - Saw Cut Joint in floor | D186: m | E186: =SUM(I186:N186) -> 15 | F186: 155 | G186: =+E186*F186 -> 2325 | I186: 15
C188: Joints in walls:
A190: =A184+1 -> 33 | C190: Joint A (Expansion joint in wall) | D190: m | E190: =SUM(I190:N190) -> 29 | F190: =F180 -> 375 | G190: =+E190*F190 -> 10875 | J190: 29
A192: =A190+1 -> 34 | C192: Joint E (Contraction joint in wall) | D192: m | E192: =SUM(I192:N192) -> 23 | F192: 395 | G192: =+E192*F192 -> 9085 | J192: 23
A194: =A192+1 -> 35 | C194: Joint E1 (Contraction joint in wall) | D194: m | E194: =SUM(I194:N194) -> 16 | F194: 395 | G194: =+E194*F194 -> 6320 | J194: 16
A198: CARRIED FORWARD | G198: =SUM(G152:G197) -> 1054982.3
A201: ITEM NO | B201: PAY REF | C201: DESCRIPTION | D201: UNIT | E201: QTY | F201: RATE | G201: AMOUNT
A202: BROUGHT FORWARD | G202: =+G198 -> 1054982.3
...

Sheet S1 Tank Bunded 
A1: GEORGE BIOMASS POWER PLANT
A2: =Summary!A2 -> NAFASI WATER - ARNOT WASTE TREATMENT PLANT | G2: =Summary!C2 -> Revision T1
A3: =Summary!A3 -> PILING AND CIVIL WORK
A4: SECTION 10 - BILL OF QUANTITIES | G4: =Summary!C4 -> 45183
A6: ITEM NO | B6: PAY REF | C6: DESCRIPTION | D6: UNIT | E6: QTY | F6: RATE | G6: AMOUNT | I6: Surface Beds | J6: Retaining Wall | K6: Tank Plints | L6: Sump | M6: Pump Plints
C8: S1 TANK BUNDED AREA
B10: SANS 1200F | C10: PILING (BORED PILES) | E10: =IF(SUM(H10:M10)>0,SUM(H10:M10),"")
E11: =IF(SUM(H11:M11)>0,SUM(H11:M11),"")
C12: Move equipment and setup: | E12: =IF(SUM(H12:M12)>0,SUM(H12:M12),"")
E13: =IF(SUM(H13:M13)>0,SUM(H13:M13),"")
A14: 1 | C14: Move equipment to and set up each pile position for heavy bored cast-in-situ piles (610mm diameter) | D14: No | E14: =SUM(I14:N14) -> 0 | F14: 1150 | G14: =+E14*F14 -> 0 | I14: 0 | J14: 0 | K14: 0 | L14: 0 | M14: 0 | N14: 0
C16: Bore Holes for Piles:
C17: Bored holes for cast-in-situ piles of 610mm diameter (heavy) through material situated in the following successive depth ranges:
A19: 2 | C19: 0m up to 10m | D19: m | E19: =SUM(I19:N19) -> 0 | F19: 1850 | G19: =+E19*F19 -> 0 | I19: =I14*10 -> 0 | J19: =J14*10 -> 0 | K19: =K14*10 -> 0 | L19: =L14*10 -> 0 | M19: =M14*10 -> 0 | N19: =N14*10 -> 0
A21: 3 | C21: 10m up to 20m | D21: m | E21: =SUM(I21:N21) -> 0 | F21: =F19 -> 1850 | G21: =+E21*F21 -> 0 | I21: =I14*5 -> 0 | J21: =J14*5 -> 0 | K21: =K14*5 -> 0 | L21: =L14*5 -> 0 | M21: =M14*5 -> 0 | N21: =N14*5 -> 0
C23: Forming of Bulbous bases:
A25: 4 | C25: For DCS piles of 610mm diameter | D25: No | E25: =SUM(I25:N25) -> 0 | F25: 1250 | G25: =+E25*F25 -> 0 | I25: =I14 -> 0 | J25: =J14 -> 0 | K25: =K14 -> 0 | L25: =L14 -> 0 | M25: =M14 -> 0 | N25: =N14 -> 0
C27: Steel reinforcement in cast-in-situ piles:
A29: 5 | C29: Mild steel, Plain | D29: t | E29: =SUM(I29:N29) -> 0 | F29: 29500 | G29: =+E29*F29 -> 0 | I29: =(I19+I21)*0.00325 -> 0 | J29: =(J19+J21)*0.00325 -> 0 | K29: =(K19+K21)*0.00325 -> 0 | L29: =(L19+L21)*0.00325 -> 0 | M29: =(M19+M21)*0.00325 -> 0 | N29: =(N19+N21)*0.00325 -> 0
A31: 6 | C31: High yield stress steel | D31: t | E31: =SUM(I31:AG31) -> 0 | F31: 28000 | G31: =+E31*F31 -> 0 | I31: =(I19+I21)*0.0215 -> 0 | J31: =(J19+J21)*0.0215 -> 0 | K31: =(K19+K21)*0.0215 -> 0 | L31: =(L19+L21)*0.0215 -> 0 | M31: =(M19+M21)*0.0215 -> 0 | N31: =(N19+N21)*0.0215 -> 0
C33: Concrete for cast-in-situ piles, under reams and sockets:
A35: 7 | C35: Compressive Strength 30Mpa/19mm
C37: Piles | D37: m3 | E37: =SUM(I37:N37) -> 0 | F37: 3500 | G37: =+E37*F37 -> 0 | I37: =((I19+I21)*0.292)+(I14*0.75) -> 0 | J37: =((J19+J21)*0.292)+(J14*0.75) -> 0 | K37: =((K19+K21)*0.292)+(K14*0.75) -> 0 | L37: =((L19+L21)*0.292)+(L14*0.75) -> 0 | M37: =((M19+M21)*0.292)+(M14*0.75) -> 0 | N37: =((N19+N21)*0.292)+(N14*0.75) -> 0
B39: PSF 8.2.20 | C39: Strip / cut heads off:
A41: 8 | C41: 610mm diameter bored pile | D41: No | E41: =SUM(I41:N41) -> 0 | F41: 875 | G41: =+E41*F41 -> 0 | I41: =I14 -> 0 | J41: =J14 -> 0 | K41: =K14 -> 0 | L41: =L14 -> 0 | M41: =M14 -> 0 | N41: =N14 -> 0
B43: SANS 1200D | C43: EARTHWORKS
A45: 9 | B45: 8.3.3 | C45: Rip and scarify in-situ material for a depth of 150mm, breaking down oversize material, adding suitable material where necessary and compact to 93% Mod AASHTO density | D45: m2 | E45: =SUM(I45:N45) -> 169 | F45: 225 | G45: =+E45*F45 -> 38025 | I45: 169
A48: CARRIED FORWARD | G48: =SUM(G8:G47) -> 38025
A51: ITEM NO | B51: PAY REF | C51: DESCRIPTION | D51: UNIT | E51: QTY | F51: RATE | G51: AMOUNT
A52: BROUGHT FORWARD | G52: =+G48 -> 38025
B54: 1200D | C54: EARTHWORKS
B56: 8.3.3 | C56: Restricted excavation
C58: Excavation for restricted foundations in all materials and dispose spoil material at a site provided by the Contractor
A60: 10 | C60: Depth up to 2m | D60: m3 | E60: =SUM(I60:N60) -> 86.15 | F60: 175 | G60: =+E60*F60 -> 15076.25 | J60: 69 | L60: 17.15
C62: Extra overs on Item above for:
A64: 11 | C64: Soilcrete backfill under structures as indicated on the drawings or directed by the Engineer | D64: m3 | E64: =SUM(I64:N64) -> 0 | F64: 950 | G64: =+E64*F64 -> 0
C66: (The aggregate of soilcrete shall be mixed with 5% cement of volume and shall consist of approved soil or gravel containing stones, obtained from commercial sources, not bigger than 38mm and with a plasticity index not exceeding 10)
B68: 8.3.4 | C68: Importing of materials
C70: Extra over item for importation of materials from commercial sources:
A72: 12 | C72: Backfill with G5 material compacted to 93% MOD AASHTO from commercial sources selected by the Contractor | D72: m3 | E72: =SUM(I72:N72) -> 61.78 | F72: 725 | G72: =+E72*F72 -> 44790.5 | J72: 49 | L72: 12.78
B74: SANS 1200G | C74: CONCRETE (STRUCTURAL)
B76: 8.2 | C76: SCHEDULED FORMWORK ITEMS
B78: 8.2.1 | C78: Rough:
C80: Vertical formwork to:
A82: 13 | C82: Bases | D82: m2 | E82: =SUM(I82:N82) -> 44.68 | F82: 475 | G82: =+E82*F82 -> 21223 | J82: 41 | L82: 3.68
B84: 8.2.2 | C84: Smooth
C86: Vertical formwork to:
A88: 14 | C88: Sides of stub-columns / columns | D88: m2 | E88: =SUM(I88:N88) -> 20 | F88: 750 | G88: =+E88*F88 -> 15000 | K88: 15 | M88: 5
A90: 15 | C90: Sides of bases | D90: m2 | E90: =SUM(I90:N90) -> 0 | F90: 635 | G90: =+E90*F90 -> 0
A92: 16 | C92: Sides of walls | D92: m2 | E92: =SUM(I92:N92) -> 107 | F92: 850 | G92: =+E92*F92 -> 90950 | J92: 102 | L92: 5
A94: 17 | C94: Elevated Slab | D94: m2 | E94: =SUM(I94:N94) -> 0 | F94: 775 | G94: =+E94*F94 -> 0
A96: CARRIED FORWARD | G96: =SUM(G52:G95) -> 225064.75
A99: ITEM NO | B99: PAY REF | C99: DESCRIPTION | D99: UNIT | E99: QTY | F99: RATE | G99: AMOUNT
A100: BROUGHT FORWARD | G100: =+G96 -> 225064.75
C102: Horisontal Formwork
A104: 18 | C104: Soffits - 8m high | D104: m2 | E104: =SUM(I104:N104) -> 0 | F104: 1150 | G104: =+E104*F104 -> 0
B106: 8.2.5 | C106: Narrow Widths (up to 300mm wide):
A108: 19 | C108: Over 100mm and up to 200mm | D108: m | E108: =SUM(I108:N108) -> 51 | F108: 135 | G108: =+E108*F108 -> 6885 | I108: 51
B110: 8.2.6 | C110: Box Out Holes / Form Voids:
C112: Small, other than circular, of area up to and including 0.15m2, and in the following depth ranges:
A114: 20 | C114: 0m up to and including 0,5m | D114: No | E114: =SUM(I114:N114) -> 8 | F114: 75 | G114: =+E114*F114 -> 600 | K114: 8
C116: Over 0.5m up to 1m | D116: No | E116: =SUM(I116:N116) -> 0 | F116: 275 | G116: =+E116*F116 -> 0
C118: Grooves, chases and splayes:
A120: =A114+1 -> 21 | C120: 25mm x 25mm Chamfers | D120: m | E120: =SUM(I120:AG120) -> 167 | F120: 36 | G120: =+E120*F120 -> 6012 | J120: 102 | K120: 50 | M120: 15
B122: 8.3 | C122: SCHEDULED REINFORCING ITEMS
B124: 8.3.1 | C124: High-tensile steel bars in the following:
A126: =A120+1 -> 22 | C126: All diameters | D126: t | E126: =SUM(I126:N126) -> 7.82 | F126: 25750 | G126: =+E126*F126 -> 201365 | J126: 4.2 | K126: 3 | L126: 0.4 | M126: 0.22
B128: 8.3.2 | C128: High Tensile Welded Mesh
A130: =A126+1 -> 23 | C130: Ref.395 mesh reinforcement | D130: m2 | E130: =SUM(I130:N130) -> 154 | F130: 345 | G130: =+E130*F130 -> 53130 | I130: 154
B132: 8.4 | C132: SCHEDULED CONCRETE ITEMS
B134: 8.4.2 | C134: Blinding layer in:
C136: Class 15Mpa/19mm:
A138: =A130+1 -> 24 | C138: 50mm Thickness | D138: m2 | E138: =SUM(I138:N138) -> 56.29 | F138: 175 | G138: =+E138*F138 -> 9850.75 | J138: 51 | L138: 5.29
A148: CARRIED FORWARD | G148: =SUM(G100:G147) -> 502907.5
A151: ITEM NO | B151: PAY REF | C151: DESCRIPTION | D151: UNIT | E151: QTY | F151: RATE | G151: AMOUNT
A152: BROUGHT FORWARD | G152: =+G148 -> 502907.5
C154: Class 30Mpa/19mm in:
A156: =A138+1 -> 25 | C156: Stub-columns / Columns | D156: m3 | E156: =SUM(I156:N156) -> 25 | F156: 3550 | G156: =+E156*F156 -> 88750 | K156: 23 | M156: 2
A158: =A156+1 -> 26 | C158: Bases | D158: m3 | E158: =SUM(I158:N158) -> 22.12 | F158: 3200 | G158: =+E158*F158 -> 70784 | J158: 20 | L158: 2.12
A160: 25 | C160: Retaining walls | D160: m3 | E160: =SUM(I160:N160) -> 14.25 | F160: 3350 | G160: =+E160*F160 -> 47737.5 | J160: 13 | L160: 1.25
A162: 26 | C162: Surface beds including thickenings | D162: m3 | E162: =SUM(I162:N162) -> 31 | F162: 3200 | G162: =+E162*F162 -> 99200 | I162: 31
A164: =A162+1 -> 27 | C164: Elevated Slabs | D164: m3 | E164: =SUM(I164:N164) -> 0 | F164: 3650 | G164: =+E164*F164 -> 0
B166: 8.4.4 | C166: Unformed Surface Finishes
C168: Wood-floated finish to:
A170: =A164+1 -> 28 | C170: Bases | D170: m2 | E170: =SUM(I170:N170) -> 56.29 | F170: 46 | G170: =+E170*F170 -> 2589.34 | J170: 51 | L170: 5.29
C172: Power-floated finish to:
A174: =A170+1 -> 29 | C174: Top of surface beds | D174: m2 | E174: =SUM(I174:N174) -> 154 | F174: 75 | G174: =+E174*F174 -> 11550 | I174: 154
B176: 8.5 | C176: JOINTS
C178: Joints in surface beds:
A180: =A174+1 -> 30 | C180: Joints (B) - Expansion Joint and waterstop in floor or footing | D180: m | E180: =SUM(I180:N180) -> 0 | F180: 375 | G180: =+E180*F180 -> 0
A182: =A180+1 -> 31 | C182: Joints (C) - Construction Joint | D182: m | E182: =SUM(I182:N182) -> 32 | F182: 355 | G182: =+E182*F182 -> 11360 | I182: 32
A184: =A182+1 -> 32 | C184: Joints (H) - Isolation Joint and waterstop in floor or footing | D184: m | E184: =SUM(I184:N184) -> 116 | F184: 195 | G184: =+E184*F184 -> 22620 | I184: 51 | K184: 50 | M184: 15
C186: Joints (D1) - Saw Cut Joint in floor | D186: m | E186: =SUM(I186:N186) -> 29 | F186: 155 | G186: =+E186*F186 -> 4495 | I186: 29
C188: Joints in walls:
A190: =A184+1 -> 33 | C190: Joint A (Expansion joint in wall) | D190: m | E190: =SUM(I190:N190) -> 12 | F190: =F180 -> 375 | G190: =+E190*F190 -> 4500 | J190: 12
A192: =A190+1 -> 34 | C192: Joint E (Contraction joint in wall) | D192: m | E192: =SUM(I192:N192) -> 10 | F192: 395 | G192: =+E192*F192 -> 3950 | J192: 10
A194: =A192+1 -> 35 | C194: Joint E1 (Contraction joint in wall) | D194: m | E194: =SUM(I194:N194) -> 6 | F194: 395 | G194: =+E194*F194 -> 2370 | J194: 6
A198: CARRIED FORWARD | G198: =SUM(G152:G197) -> 872813.34
A201: ITEM NO | B201: PAY REF | C201: DESCRIPTION | D201: UNIT | E201: QTY | F201: RATE | G201: AMOUNT
A202: BROUGHT FORWARD | G202: =+G198 -> 872813.34
...

Sheet Lime System Bunded
A1: GEORGE BIOMASS POWER PLANT
A2: =Summary!A2 -> NAFASI WATER - ARNOT WASTE TREATMENT PLANT | G2: =Summary!C2 -> Revision T1
A3: =Summary!A3 -> PILING AND CIVIL WORK
A4: SECTION 11 - BILL OF QUANTITIES | G4: =Summary!C4 -> 45183
A6: ITEM NO | B6: PAY REF | C6: DESCRIPTION | D6: UNIT | E6: QTY | F6: RATE | G6: AMOUNT | I6: Surface Beds | J6: Retaining Wall | K6: Tank Plints | L6: Sump | M6: Pump Plints | N6: Foundations
C8: LIME SYSTEM BUNDED AREA
B10: SANS 1200F | C10: PILING (BORED PILES) | E10: =IF(SUM(H10:M10)>0,SUM(H10:M10),"")
E11: =IF(SUM(H11:M11)>0,SUM(H11:M11),"")
C12: Move equipment and setup: | E12: =IF(SUM(H12:M12)>0,SUM(H12:M12),"")
E13: =IF(SUM(H13:M13)>0,SUM(H13:M13),"")
A14: 1 | C14: Move equipment to and set up each pile position for heavy bored cast-in-situ piles (610mm diameter) | D14: No | E14: =SUM(I14:N14) -> 4 | F14: 1150 | G14: =+E14*F14 -> 4600 | I14: 0 | J14: 0 | K14: 0 | L14: 0 | M14: 0 | N14: 4
C16: Bore Holes for Piles:
C17: Bored holes for cast-in-situ piles of 610mm diameter (heavy) through material situated in the following successive depth ranges:
A19: 2 | C19: 0m up to 10m | D19: m | E19: =SUM(I19:N19) -> 40 | F19: 1850 | G19: =+E19*F19 -> 74000 | I19: =I14*10 -> 0 | J19: =J14*10 -> 0 | K19: =K14*10 -> 0 | L19: =L14*10 -> 0 | M19: =M14*10 -> 0 | N19: =N14*10 -> 40
A21: 3 | C21: 10m up to 20m | D21: m | E21: =SUM(I21:N21) -> 20 | F21: =F19 -> 1850 | G21: =+E21*F21 -> 37000 | I21: =I14*5 -> 0 | J21: =J14*5 -> 0 | K21: =K14*5 -> 0 | L21: =L14*5 -> 0 | M21: =M14*5 -> 0 | N21: =N14*5 -> 20
C23: Forming of Bulbous bases:
A25: 4 | C25: For DCS piles of 610mm diameter | D25: No | E25: =SUM(I25:N25) -> 4 | F25: 1250 | G25: =+E25*F25 -> 5000 | I25: =I14 -> 0 | J25: =J14 -> 0 | K25: =K14 -> 0 | L25: =L14 -> 0 | M25: =M14 -> 0 | N25: =N14 -> 4
C27: Steel reinforcement in cast-in-situ piles:
A29: 5 | C29: Mild steel, Plain | D29: t | E29: =SUM(I29:N29) -> 0.195 | F29: 29500 | G29: =+E29*F29 -> 5752.5 | I29: =(I19+I21)*0.00325 -> 0 | J29: =(J19+J21)*0.00325 -> 0 | K29: =(K19+K21)*0.00325 -> 0 | L29: =(L19+L21)*0.00325 -> 0 | M29: =(M19+M21)*0.00325 -> 0 | N29: =(N19+N21)*0.00325 -> 0.195
A31: 6 | C31: High yield stress steel | D31: t | E31: =SUM(I31:AG31) -> 1.29 | F31: 28000 | G31: =+E31*F31 -> 36120 | I31: =(I19+I21)*0.0215 -> 0 | J31: =(J19+J21)*0.0215 -> 0 | K31: =(K19+K21)*0.0215 -> 0 | L31: =(L19+L21)*0.0215 -> 0 | M31: =(M19+M21)*0.0215 -> 0 | N31: =(N19+N21)*0.0215 -> 1.29
C33: Concrete for cast-in-situ piles, under reams and sockets:
A35: 7 | C35: Compressive Strength 30Mpa/19mm
C37: Piles | D37: m3 | E37: =SUM(I37:N37) -> 20.52 | F37: 3500 | G37: =+E37*F37 -> 71820 | I37: =((I19+I21)*0.292)+(I14*0.75) -> 0 | J37: =((J19+J21)*0.292)+(J14*0.75) -> 0 | K37: =((K19+K21)*0.292)+(K14*0.75) -> 0 | L37: =((L19+L21)*0.292)+(L14*0.75) -> 0 | M37: =((M19+M21)*0.292)+(M14*0.75) -> 0 | N37: =((N19+N21)*0.292)+(N14*0.75) -> 20.52
B39: PSF 8.2.20 | C39: Strip / cut heads off:
A41: 8 | C41: 610mm diameter bored pile | D41: No | E41: =SUM(I41:N41) -> 4 | F41: 875 | G41: =+E41*F41 -> 3500 | I41: =I14 -> 0 | J41: =J14 -> 0 | K41: =K14 -> 0 | L41: =L14 -> 0 | M41: =M14 -> 0 | N41: =N14 -> 4
B43: SANS 1200D | C43: EARTHWORKS
A45: 9 | B45: 8.3.3 | C45: Rip and scarify in-situ material for a depth of 150mm, breaking down oversize material, adding suitable material where necessary and compact to 93% Mod AASHTO density | D45: m2 | E45: =SUM(I45:N45) -> 59 | F45: 225 | G45: =+E45*F45 -> 13275 | I45: 59
A48: CARRIED FORWARD | G48: =SUM(G8:G47) -> 251067.5
A51: ITEM NO | B51: PAY REF | C51: DESCRIPTION | D51: UNIT | E51: QTY | F51: RATE | G51: AMOUNT
A52: BROUGHT FORWARD | G52: =+G48 -> 251067.5
B54: 1200D | C54: EARTHWORKS
B56: 8.3.3 | C56: Restricted excavation
C58: Excavation for restricted foundations in all materials and dispose spoil material at a site provided by the Contractor
A60: 10 | C60: Depth up to 2m | D60: m3 | E60: =SUM(I60:N60) -> 47.15 | F60: 175 | G60: =+E60*F60 -> 8251.25 | J60: 30 | L60: 17.15
C62: Extra overs on Item above for:
A64: 11 | C64: Soilcrete backfill under structures as indicated on the drawings or directed by the Engineer | D64: m3 | E64: =SUM(I64:N64) -> 0 | F64: 950 | G64: =+E64*F64 -> 0
C66: (The aggregate of soilcrete shall be mixed with 5% cement of volume and shall consist of approved soil or gravel containing stones, obtained from commercial sources, not bigger than 38mm and with a plasticity index not exceeding 10)
B68: 8.3.4 | C68: Importing of materials
C70: Extra over item for importation of materials from commercial sources:
A72: 12 | C72: Backfill with G5 material compacted to 93% MOD AASHTO from commercial sources selected by the Contractor | D72: m3 | E72: =SUM(I72:N72) -> 29.78 | F72: 725 | G72: =+E72*F72 -> 21590.5 | J72: 17 | L72: 12.78
B74: SANS 1200G | C74: CONCRETE (STRUCTURAL)
B76: 8.2 | C76: SCHEDULED FORMWORK ITEMS
B78: 8.2.1 | C78: Rough:
C80: Vertical formwork to:
A82: 13 | C82: Bases | D82: m2 | E82: =SUM(I82:N82) -> 29.68 | F82: 475 | G82: =+E82*F82 -> 14098 | J82: 26 | L82: 3.68
B84: 8.2.2 | C84: Smooth
C86: Vertical formwork to:
A88: 14 | C88: Sides of stub-columns / columns | D88: m2 | E88: =SUM(I88:N88) -> 13 | F88: 750 | G88: =+E88*F88 -> 9750 | K88: 8 | M88: 5
A90: 15 | C90: Sides of bases | D90: m2 | E90: =SUM(I90:N90) -> 0 | F90: 635 | G90: =+E90*F90 -> 0
A92: 16 | C92: Sides of walls | D92: m2 | E92: =SUM(I92:N92) -> 71 | F92: 850 | G92: =+E92*F92 -> 60350 | J92: 66 | L92: 5
A94: 17 | C94: Elevated Slab | D94: m2 | E94: =SUM(I94:N94) -> 0 | F94: 775 | G94: =+E94*F94 -> 0
A96: CARRIED FORWARD | G96: =SUM(G52:G95) -> 365107.25
A99: ITEM NO | B99: PAY REF | C99: DESCRIPTION | D99: UNIT | E99: QTY | F99: RATE | G99: AMOUNT
A100: BROUGHT FORWARD | G100: =+G96 -> 365107.25
C102: Horisontal Formwork
A104: 18 | C104: Soffits - 8m high | D104: m2 | E104: =SUM(I104:N104) -> 0 | F104: 1150 | G104: =+E104*F104 -> 0
B106: 8.2.5 | C106: Narrow Widths (up to 300mm wide):
A108: 19 | C108: Over 100mm and up to 200mm | D108: m | E108: =SUM(I108:N108) -> 33 | F108: 135 | G108: =+E108*F108 -> 4455 | I108: 33
B110: 8.2.6 | C110: Box Out Holes / Form Voids:
C112: Small, other than circular, of area up to and including 0.15m2, and in the following depth ranges:
A114: 20 | C114: 0m up to and including 0,5m | D114: No | E114: =SUM(I114:N114) -> 8 | F114: 75 | G114: =+E114*F114 -> 600 | M114: 8
C116: Over 0.5m up to 1m | D116: No | E116: =SUM(I116:N116) -> 0 | F116: 275 | G116: =+E116*F116 -> 0
C118: Grooves, chases and splayes:
A120: =A114+1 -> 21 | C120: 25mm x 25mm Chamfers | D120: m | E120: =SUM(I120:AG120) -> 107 | F120: 36 | G120: =+E120*F120 -> 3852 | J120: 66 | K120: 26 | M120: 15
B122: 8.3 | C122: SCHEDULED REINFORCING ITEMS
B124: 8.3.1 | C124: High-tensile steel bars in the following:
A126: =A120+1 -> 22 | C126: All diameters | D126: t | E126: =SUM(I126:N126) -> 6.32 | F126: 25750 | G126: =+E126*F126 -> 162740 | J126: 2.7 | K126: 1 | L126: 0.4 | M126: 0.22 | N126: 2
B128: 8.3.2 | C128: High Tensile Welded Mesh
A130: =A126+1 -> 23 | C130: Ref.395 mesh reinforcement | D130: m2 | E130: =SUM(I130:N130) -> 54 | F130: 345 | G130: =+E130*F130 -> 18630 | I130: 54
B132: 8.4 | C132: SCHEDULED CONCRETE ITEMS
B134: 8.4.2 | C134: Blinding layer in:
C136: Class 15Mpa/19mm:
A138: =A130+1 -> 24 | C138: 50mm Thickness | D138: m2 | E138: =SUM(I138:N138) -> 38.29 | F138: 175 | G138: =+E138*F138 -> 6700.75 | J138: 33 | L138: 5.29
A148: CARRIED FORWARD | G148: =SUM(G100:G147) -> 562085
A151: ITEM NO | B151: PAY REF | C151: DESCRIPTION | D151: UNIT | E151: QTY | F151: RATE | G151: AMOUNT
A152: BROUGHT FORWARD | G152: =+G148 -> 562085
C154: Class 30Mpa/19mm in:
A156: =A138+1 -> 25 | C156: Stub-columns / Columns | D156: m3 | E156: =SUM(I156:N156) -> 10 | F156: 3550 | G156: =+E156*F156 -> 35500 | K156: 6 | M156: 2 | N156: 2
A158: =A156+1 -> 26 | C158: Bases | D158: m3 | E158: =SUM(I158:N158) -> 21.99 | F158: 3200 | G158: =+E158*F158 -> 70368 | J158: 13 | L158: 2.12 | N158: 6.87
A160: 25 | C160: Retaining walls | D160: m3 | E160: =SUM(I160:N160) -> 9.25 | F160: 3350 | G160: =+E160*F160 -> 30987.5 | J160: 8 | L160: 1.25
A162: 26 | C162: Surface beds including thickenings | D162: m3 | E162: =SUM(I162:N162) -> 11 | F162: 3200 | G162: =+E162*F162 -> 35200 | I162: 11
A164: =A162+1 -> 27 | C164: Elevated Slabs | D164: m3 | E164: =SUM(I164:N164) -> 0 | F164: 3650 | G164: =+E164*F164 -> 0
B166: 8.4.4 | C166: Unformed Surface Finishes
C168: Wood-floated finish to:
A170: =A164+1 -> 28 | C170: Bases | D170: m2 | E170: =SUM(I170:N170) -> 38.29 | F170: 46 | G170: =+E170*F170 -> 1761.34 | J170: 33 | L170: 5.29
C172: Power-floated finish to:
A174: =A170+1 -> 29 | C174: Top of surface beds | D174: m2 | E174: =SUM(I174:N174) -> 54 | F174: 75 | G174: =+E174*F174 -> 4050 | I174: 54
B176: 8.5 | C176: JOINTS
C178: Joints in surface beds:
A180: =A174+1 -> 30 | C180: Joints (B) - Expansion Joint and waterstop in floor or footing | D180: m | E180: =SUM(I180:N180) -> 0 | F180: 375 | G180: =+E180*F180 -> 0
A182: =A180+1 -> 31 | C182: Joints (C) - Construction Joint | D182: m | E182: =SUM(I182:N182) -> 24 | F182: 355 | G182: =+E182*F182 -> 8520 | I182: 24
A184: =A182+1 -> 32 | C184: Joints (H) - Isolation Joint and waterstop in floor or footing | D184: m | E184: =SUM(I184:N184) -> 74 | F184: 195 | G184: =+E184*F184 -> 14430 | I184: 33 | K184: 26 | M184: 15
C186: Joints (D1) - Saw Cut Joint in floor | D186: m | E186: =SUM(I186:N186) -> 14 | F186: 155 | G186: =+E186*F186 -> 2170 | I186: 14
C188: Joints in walls:
A190: =A184+1 -> 33 | C190: Joint A (Expansion joint in wall) | D190: m | E190: =SUM(I190:N190) -> 8 | F190: =F180 -> 375 | G190: =+E190*F190 -> 3000 | J190: 8
A192: =A190+1 -> 34 | C192: Joint E (Contraction joint in wall) | D192: m | E192: =SUM(I192:N192) -> 6 | F192: 395 | G192: =+E192*F192 -> 2370 | J192: 6
A194: =A192+1 -> 35 | C194: Joint E1 (Contraction joint in wall) | D194: m | E194: =SUM(I194:N194) -> 4 | F194: 395 | G194: =+E194*F194 -> 1580 | J194: 4
A198: CARRIED FORWARD | G198: =SUM(G152:G197) -> 772021.84
A201: ITEM NO | B201: PAY REF | C201: DESCRIPTION | D201: UNIT | E201: QTY | F201: RATE | G201: AMOUNT
A202: BROUGHT FORWARD | G202: =+G198 -> 772021.84
...

Sheet Mixed Slurry Bunded
A1: GEORGE BIOMASS POWER PLANT
A2: =Summary!A2 -> NAFASI WATER - ARNOT WASTE TREATMENT PLANT | G2: =Summary!C2 -> Revision T1
A3: =Summary!A3 -> PILING AND CIVIL WORK
A4: SECTION 12 - BILL OF QUANTITIES | G4: =Summary!C4 -> 45183
A6: ITEM NO | B6: PAY REF | C6: DESCRIPTION | D6: UNIT | E6: QTY | F6: RATE | G6: AMOUNT | I6: Surface Beds | J6: Retaining Wall | K6: Tank Plints | L6: Sump | M6: Pump Plints
C8: MIXED SLURRY BUNDED AREA
B10: SANS 1200F | C10: PILING (BORED PILES) | E10: =IF(SUM(H10:M10)>0,SUM(H10:M10),"")
E11: =IF(SUM(H11:M11)>0,SUM(H11:M11),"")
C12: Move equipment and setup: | E12: =IF(SUM(H12:M12)>0,SUM(H12:M12),"")
E13: =IF(SUM(H13:M13)>0,SUM(H13:M13),"")
A14: 1 | C14: Move equipment to and set up each pile position for heavy bored cast-in-situ piles (610mm diameter) | D14: No | E14: =SUM(I14:N14) -> 0 | F14: 1150 | G14: =+E14*F14 -> 0 | I14: 0 | J14: 0 | K14: 0 | L14: 0 | M14: 0 | N14: 0
C16: Bore Holes for Piles:
C17: Bored holes for cast-in-situ piles of 610mm diameter (heavy) through material situated in the following successive depth ranges:
A19: 2 | C19: 0m up to 10m | D19: m | E19: =SUM(I19:N19) -> 0 | F19: 1850 | G19: =+E19*F19 -> 0 | I19: =I14*10 -> 0 | J19: =J14*10 -> 0 | K19: =K14*10 -> 0 | L19: =L14*10 -> 0 | M19: =M14*10 -> 0 | N19: =N14*10 -> 0
A21: 3 | C21: 10m up to 20m | D21: m | E21: =SUM(I21:N21) -> 0 | F21: =F19 -> 1850 | G21: =+E21*F21 -> 0 | I21: =I14*5 -> 0 | J21: =J14*5 -> 0 | K21: =K14*5 -> 0 | L21: =L14*5 -> 0 | M21: =M14*5 -> 0 | N21: =N14*5 -> 0
C23: Forming of Bulbous bases:
A25: 4 | C25: For DCS piles of 610mm diameter | D25: No | E25: =SUM(I25:N25) -> 0 | F25: 1250 | G25: =+E25*F25 -> 0 | I25: =I14 -> 0 | J25: =J14 -> 0 | K25: =K14 -> 0 | L25: =L14 -> 0 | M25: =M14 -> 0 | N25: =N14 -> 0
C27: Steel reinforcement in cast-in-situ piles:
A29: 5 | C29: Mild steel, Plain | D29: t | E29: =SUM(I29:N29) -> 0 | F29: 29500 | G29: =+E29*F29 -> 0 | I29: =(I19+I21)*0.00325 -> 0 | J29: =(J19+J21)*0.00325 -> 0 | K29: =(K19+K21)*0.00325 -> 0 | L29: =(L19+L21)*0.00325 -> 0 | M29: =(M19+M21)*0.00325 -> 0 | N29: =(N19+N21)*0.00325 -> 0
A31: 6 | C31: High yield stress steel | D31: t | E31: =SUM(I31:AG31) -> 0 | F31: 28000 | G31: =+E31*F31 -> 0 | I31: =(I19+I21)*0.0215 -> 0 | J31: =(J19+J21)*0.0215 -> 0 | K31: =(K19+K21)*0.0215 -> 0 | L31: =(L19+L21)*0.0215 -> 0 | M31: =(M19+M21)*0.0215 -> 0 | N31: =(N19+N21)*0.0215 -> 0
C33: Concrete for cast-in-situ piles, under reams and sockets:
A35: 7 | C35: Compressive Strength 30Mpa/19mm
C37: Piles | D37: m3 | E37: =SUM(I37:N37) -> 0 | F37: 3500 | G37: =+E37*F37 -> 0 | I37: =((I19+I21)*0.292)+(I14*0.75) -> 0 | J37: =((J19+J21)*0.292)+(J14*0.75) -> 0 | K37: =((K19+K21)*0.292)+(K14*0.75) -> 0 | L37: =((L19+L21)*0.292)+(L14*0.75) -> 0 | M37: =((M19+M21)*0.292)+(M14*0.75) -> 0 | N37: =((N19+N21)*0.292)+(N14*0.75) -> 0
B39: PSF 8.2.20 | C39: Strip / cut heads off:
A41: 8 | C41: 610mm diameter bored pile | D41: No | E41: =SUM(I41:N41) -> 0 | F41: 875 | G41: =+E41*F41 -> 0 | I41: =I14 -> 0 | J41: =J14 -> 0 | K41: =K14 -> 0 | L41: =L14 -> 0 | M41: =M14 -> 0 | N41: =N14 -> 0
B43: SANS 1200D | C43: EARTHWORKS
A45: 9 | B45: 8.3.3 | C45: Rip and scarify in-situ material for a depth of 150mm, breaking down oversize material, adding suitable material where necessary and compact to 93% Mod AASHTO density | D45: m2 | E45: =SUM(I45:N45) -> 653 | F45: 225 | G45: =+E45*F45 -> 146925 | I45: 653
A48: CARRIED FORWARD | G48: =SUM(G8:G47) -> 146925
A51: ITEM NO | B51: PAY REF | C51: DESCRIPTION | D51: UNIT | E51: QTY | F51: RATE | G51: AMOUNT
A52: BROUGHT FORWARD | G52: =+G48 -> 146925
B54: 1200D | C54: EARTHWORKS
B56: 8.3.3 | C56: Restricted excavation
C58: Excavation for restricted foundations in all materials and dispose spoil material at a site provided by the Contractor
A60: 10 | C60: Depth up to 2m | D60: m3 | E60: =SUM(I60:N60) -> 150.4 | F60: 175 | G60: =+E60*F60 -> 26320 | J60: 88 | L60: 62.4
C62: Extra overs on Item above for:
A64: 11 | C64: Soilcrete backfill under structures as indicated on the drawings or directed by the Engineer | D64: m3 | E64: =SUM(I64:N64) -> 0 | F64: 950 | G64: =+E64*F64 -> 0
C66: (The aggregate of soilcrete shall be mixed with 5% cement of volume and shall consist of approved soil or gravel containing stones, obtained from commercial sources, not bigger than 38mm and with a plasticity index not exceeding 10)
B68: 8.3.4 | C68: Importing of materials
C70: Extra over item for importation of materials from commercial sources:
A72: 12 | C72: Backfill with G5 material compacted to 93% MOD AASHTO from commercial sources selected by the Contractor | D72: m3 | E72: =SUM(I72:N72) -> 86.1 | F72: 725 | G72: =+E72*F72 -> 62422.5 | J72: 49 | L72: 37.1
B74: SANS 1200G | C74: CONCRETE (STRUCTURAL)
B76: 8.2 | C76: SCHEDULED FORMWORK ITEMS
B78: 8.2.1 | C78: Rough:
C80: Vertical formwork to:
A82: 13 | C82: Bases | D82: m2 | E82: =SUM(I82:N82) -> 84.24 | F82: 475 | G82: =+E82*F82 -> 40014 | J82: 78 | L82: 6.24
B84: 8.2.2 | C84: Smooth
C86: Vertical formwork to:
A88: 14 | C88: Sides of stub-columns / columns | D88: m2 | E88: =SUM(I88:N88) -> 55 | F88: 750 | G88: =+E88*F88 -> 41250 | K88: 37 | M88: 18
A90: 15 | C90: Sides of bases | D90: m2 | E90: =SUM(I90:N90) -> 0 | F90: 635 | G90: =+E90*F90 -> 0
A92: 16 | C92: Sides of walls | D92: m2 | E92: =SUM(I92:N92) -> 218.8 | F92: 850 | G92: =+E92*F92 -> 185980 | J92: 196 | L92: 22.8
A94: 17 | C94: Elevated Slab | D94: m2 | E94: =SUM(I94:N94) -> 0 | F94: 775 | G94: =+E94*F94 -> 0
A96: CARRIED FORWARD | G96: =SUM(G52:G95) -> 502911.5
A99: ITEM NO | B99: PAY REF | C99: DESCRIPTION | D99: UNIT | E99: QTY | F99: RATE | G99: AMOUNT
A100: BROUGHT FORWARD | G100: =+G96 -> 502911.5
C102: Horisontal Formwork
A104: 18 | C104: Soffits - 8m high | D104: m2 | E104: =SUM(I104:N104) -> 0 | F104: 1150 | G104: =+E104*F104 -> 0
B106: 8.2.5 | C106: Narrow Widths (up to 300mm wide):
A108: 19 | C108: Over 100mm and up to 200mm | D108: m | E108: =SUM(I108:N108) -> 98 | F108: 135 | G108: =+E108*F108 -> 13230 | I108: 98
B110: 8.2.6 | C110: Box Out Holes / Form Voids:
C112: Small, other than circular, of area up to and including 0.15m2, and in the following depth ranges:
A114: 20 | C114: 0m up to and including 0,5m | D114: No | E114: =SUM(I114:N114) -> 32 | F114: 75 | G114: =+E114*F114 -> 2400 | K114: 0 | M114: 32
C116: Over 0.5m up to 1m | D116: No | E116: =SUM(I116:N116) -> 0 | F116: 275 | G116: =+E116*F116 -> 0
C118: Grooves, chases and splayes:
A120: =A114+1 -> 21 | C120: 25mm x 25mm Chamfers | D120: m | E120: =SUM(I120:AG120) -> 380 | F120: 36 | G120: =+E120*F120 -> 13680 | J120: 196 | K120: 124 | M120: 60
B122: 8.3 | C122: SCHEDULED REINFORCING ITEMS
B124: 8.3.1 | C124: High-tensile steel bars in the following:
A126: =A120+1 -> 22 | C126: All diameters | D126: t | E126: =SUM(I126:N126) -> 17.1 | F126: 25750 | G126: =+E126*F126 -> 440325 | J126: 8 | K126: 6.7 | L126: 1.5 | M126: 0.9
B128: 8.3.2 | C128: High Tensile Welded Mesh
A130: =A126+1 -> 23 | C130: Ref.395 mesh reinforcement | D130: m2 | E130: =SUM(I130:N130) -> 594 | F130: 345 | G130: =+E130*F130 -> 204930 | I130: 594
B132: 8.4 | C132: SCHEDULED CONCRETE ITEMS
B134: 8.4.2 | C134: Blinding layer in:
C136: Class 15Mpa/19mm:
A138: =A130+1 -> 24 | C138: 50mm Thickness | D138: m2 | E138: =SUM(I138:N138) -> 113.2 | F138: 175 | G138: =+E138*F138 -> 19810 | J138: 98 | L138: 15.2
A148: CARRIED FORWARD | G148: =SUM(G100:G147) -> 1197286.5
A151: ITEM NO | B151: PAY REF | C151: DESCRIPTION | D151: UNIT | E151: QTY | F151: RATE | G151: AMOUNT
A152: BROUGHT FORWARD | G152: =+G148 -> 1197286.5
C154: Class 30Mpa/19mm in:
A156: =A138+1 -> 25 | C156: Stub-columns / Columns | D156: m3 | E156: =SUM(I156:N156) -> 65.7 | F156: 3550 | G156: =+E156*F156 -> 233235 | K156: 57.7 | M156: 8
A158: =A156+1 -> 26 | C158: Bases | D158: m3 | E158: =SUM(I158:N158) -> 45.1 | F158: 3200 | G158: =+E158*F158 -> 144320 | J158: 39 | L158: 6.1
A160: 25 | C160: Retaining walls | D160: m3 | E160: =SUM(I160:N160) -> 30.7 | F160: 3350 | G160: =+E160*F160 -> 102845 | J160: 25 | L160: 5.7
A162: 26 | C162: Surface beds including thickenings | D162: m3 | E162: =SUM(I162:N162) -> 119 | F162: 3200 | G162: =+E162*F162 -> 380800 | I162: 119
A164: =A162+1 -> 27 | C164: Elevated Slabs | D164: m3 | E164: =SUM(I164:N164) -> 0 | F164: 3650 | G164: =+E164*F164 -> 0
B166: 8.4.4 | C166: Unformed Surface Finishes
C168: Wood-floated finish to:
A170: =A164+1 -> 28 | C170: Bases | D170: m2 | E170: =SUM(I170:N170) -> 113.2 | F170: 46 | G170: =+E170*F170 -> 5207.2 | J170: 98 | L170: 15.2
C172: Power-floated finish to:
A174: =A170+1 -> 29 | C174: Top of surface beds | D174: m2 | E174: =SUM(I174:N174) -> 594 | F174: 75 | G174: =+E174*F174 -> 44550 | I174: 594
B176: 8.5 | C176: JOINTS
C178: Joints in surface beds:
A180: =A174+1 -> 30 | C180: Joints (B) - Expansion Joint and waterstop in floor or footing | D180: m | E180: =SUM(I180:N180) -> 0 | F180: 375 | G180: =+E180*F180 -> 0
A182: =A180+1 -> 31 | C182: Joints (C) - Construction Joint | D182: m | E182: =SUM(I182:N182) -> 81 | F182: 355 | G182: =+E182*F182 -> 28755 | I182: 81
A184: =A182+1 -> 32 | C184: Joints (H) - Isolation Joint and waterstop in floor or footing | D184: m | E184: =SUM(I184:N184) -> 282 | F184: 195 | G184: =+E184*F184 -> 54990 | I184: 98 | K184: 124 | M184: 60
C186: Joints (D1) - Saw Cut Joint in floor | D186: m | E186: =SUM(I186:N186) -> 88 | F186: 155 | G186: =+E186*F186 -> 13640 | I186: 88
C188: Joints in walls:
A190: =A184+1 -> 33 | C190: Joint A (Expansion joint in wall) | D190: m | E190: =SUM(I190:N190) -> 23 | F190: =F180 -> 375 | G190: =+E190*F190 -> 8625 | J190: 23
A192: =A190+1 -> 34 | C192: Joint E (Contraction joint in wall) | D192: m | E192: =SUM(I192:N192) -> 19 | F192: 395 | G192: =+E192*F192 -> 7505 | J192: 19
A194: =A192+1 -> 35 | C194: Joint E1 (Contraction joint in wall) | D194: m | E194: =SUM(I194:N194) -> 12 | F194: 395 | G194: =+E194*F194 -> 4740 | J194: 12
A198: CARRIED FORWARD | G198: =SUM(G152:G197) -> 2226498.7
A201: ITEM NO | B201: PAY REF | C201: DESCRIPTION | D201: UNIT | E201: QTY | F201: RATE | G201: AMOUNT
A202: BROUGHT FORWARD | G202: =+G198 -> 2226498.7
...

Sheet Centrifuge Bunded
A1: GEORGE BIOMASS POWER PLANT
A2: =Summary!A2 -> NAFASI WATER - ARNOT WASTE TREATMENT PLANT | G2: =Summary!C2 -> Revision T1
A3: =Summary!A3 -> PILING AND CIVIL WORK
A4: SECTION 13 - BILL OF QUANTITIES | G4: =Summary!C4 -> 45183
A6: ITEM NO | B6: PAY REF | C6: DESCRIPTION | D6: UNIT | E6: QTY | F6: RATE | G6: AMOUNT | I6: Foundations | J6: Surface Beds | K6: Retaining Wall | L6: Sump
C8: CENTRIFUGE BUNDED AREA
B10: SANS 1200F | C10: PILING (BORED PILES) | E10: =IF(SUM(H10:M10)>0,SUM(H10:M10),"")
E11: =IF(SUM(H11:M11)>0,SUM(H11:M11),"")
C12: Move equipment and setup: | E12: =IF(SUM(H12:M12)>0,SUM(H12:M12),"")
E13: =IF(SUM(H13:M13)>0,SUM(H13:M13),"")
A14: 1 | C14: Move equipment to and set up each pile position for heavy bored cast-in-situ piles (610mm diameter) | D14: No | E14: =SUM(I14:N14) -> 0 | F14: 1150 | G14: =+E14*F14 -> 0 | I14: 0 | J14: 0 | K14: 0 | L14: 0
C16: Bore Holes for Piles:
C17: Bored holes for cast-in-situ piles of 610mm diameter (heavy) through material situated in the following successive depth ranges:
A19: 2 | C19: 0m up to 10m | D19: m | E19: =SUM(I19:N19) -> 0 | F19: 1850 | G19: =+E19*F19 -> 0 | I19: =I14*10 -> 0 | J19: =J14*10 -> 0 | K19: =K14*10 -> 0 | L19: =L14*10 -> 0
A21: 3 | C21: 10m up to 20m | D21: m | E21: =SUM(I21:N21) -> 0 | F21: =F19 -> 1850 | G21: =+E21*F21 -> 0 | I21: =I14*5 -> 0 | J21: =J14*5 -> 0 | K21: =K14*5 -> 0 | L21: =L14*5 -> 0
C23: Forming of Bulbous bases:
A25: 4 | C25: For DCS piles of 610mm diameter | D25: No | E25: =SUM(I25:N25) -> 0 | F25: 1250 | G25: =+E25*F25 -> 0 | I25: =I14 -> 0 | J25: =J14 -> 0 | K25: =K14 -> 0 | L25: =L14 -> 0
C27: Steel reinforcement in cast-in-situ piles:
A29: 5 | C29: Mild steel, Plain | D29: t | E29: =SUM(I29:N29) -> 0 | F29: 29500 | G29: =+E29*F29 -> 0 | I29: =(I19+I21)*0.00325 -> 0 | J29: =(J19+J21)*0.00325 -> 0 | K29: =(K19+K21)*0.00325 -> 0 | L29: =(L19+L21)*0.00325 -> 0
A31: 6 | C31: High yield stress steel | D31: t | E31: =SUM(I31:AG31) -> 0 | F31: 28000 | G31: =+E31*F31 -> 0 | I31: =(I19+I21)*0.0215 -> 0 | J31: =(J19+J21)*0.0215 -> 0 | K31: =(K19+K21)*0.0215 -> 0 | L31: =(L19+L21)*0.0215 -> 0
C33: Concrete for cast-in-situ piles, under reams and sockets:
A35: 7 | C35: Compressive Strength 30Mpa/19mm
C37: Piles | D37: m3 | E37: =SUM(I37:N37) -> 0 | F37: 3500 | G37: =+E37*F37 -> 0 | I37: =((I19+I21)*0.292)+(I14*0.75) -> 0 | J37: =((J19+J21)*0.292)+(J14*0.75) -> 0 | K37: =((K19+K21)*0.292)+(K14*0.75) -> 0 | L37: =((L19+L21)*0.292)+(L14*0.75) -> 0
B39: PSF 8.2.20 | C39: Strip / cut heads off:
A41: 8 | C41: 610mm diameter bored pile | D41: No | E41: =SUM(I41:N41) -> 0 | F41: 875 | G41: =+E41*F41 -> 0 | I41: =I14 -> 0 | J41: =J14 -> 0 | K41: =K14 -> 0 | L41: =L14 -> 0
B43: SANS 1200D | C43: EARTHWORKS
A45: 9 | B45: 8.3.3 | C45: Rip and scarify in-situ material for a depth of 150mm, breaking down oversize material, adding suitable material where necessary and compact to 93% Mod AASHTO density | D45: m2 | E45: =SUM(I45:N45) -> 101 | F45: 225 | G45: =+E45*F45 -> 22725 | J45: 101
A48: CARRIED FORWARD | G48: =SUM(G8:G47) -> 22725
A51: ITEM NO | B51: PAY REF | C51: DESCRIPTION | D51: UNIT | E51: QTY | F51: RATE | G51: AMOUNT
A52: BROUGHT FORWARD | G52: =+G48 -> 22725
B54: 1200D | C54: EARTHWORKS
B56: 8.3.3 | C56: Restricted excavation
C58: Excavation for restricted foundations in all materials and dispose spoil material at a site provided by the Contractor
A60: 10 | C60: Depth up to 2m | D60: m3 | E60: =SUM(I60:N60) -> 113.9 | F60: 175 | G60: =+E60*F60 -> 19932.5 | I60: 12.5 | K60: 39 | L60: 62.4
C62: Extra overs on Item above for:
A64: 11 | C64: Soilcrete backfill under structures as indicated on the drawings or directed by the Engineer | D64: m3 | E64: =SUM(I64:N64) -> 0 | F64: 950 | G64: =+E64*F64 -> 0
C66: (The aggregate of soilcrete shall be mixed with 5% cement of volume and shall consist of approved soil or gravel containing stones, obtained from commercial sources, not bigger than 38mm and with a plasticity index not exceeding 10)
B68: 8.3.4 | C68: Importing of materials
C70: Extra over item for importation of materials from commercial sources:
A72: 12 | C72: Backfill with G5 material compacted to 93% MOD AASHTO from commercial sources selected by the Contractor | D72: m3 | E72: =SUM(I72:N72) -> 64.8 | F72: 725 | G72: =+E72*F72 -> 46980 | I72: 5.7 | K72: 22 | L72: 37.1
B74: SANS 1200G | C74: CONCRETE (STRUCTURAL)
B76: 8.2 | C76: SCHEDULED FORMWORK ITEMS
B78: 8.2.1 | C78: Rough:
C80: Vertical formwork to:
A82: 13 | C82: Bases | D82: m2 | E82: =SUM(I82:N82) -> 53.74 | F82: 475 | G82: =+E82*F82 -> 25526.5 | I82: 13.5 | K82: 34 | L82: 6.24
B84: 8.2.2 | C84: Smooth
C86: Vertical formwork to:
A88: 14 | C88: Sides of stub-columns / columns | D88: m2 | E88: =SUM(I88:N88) -> 9 | F88: 750 | G88: =+E88*F88 -> 6750 | I88: 9
A90: 15 | C90: Sides of bases | D90: m2 | E90: =SUM(I90:N90) -> 0 | F90: 635 | G90: =+E90*F90 -> 0
A92: 16 | C92: Sides of walls | D92: m2 | E92: =SUM(I92:N92) -> 107.8 | F92: 850 | G92: =+E92*F92 -> 91630 | K92: 85 | L92: 22.8
A94: 17 | C94: Elevated Slab | D94: m2 | E94: =SUM(I94:N94) -> 0 | F94: 775 | G94: =+E94*F94 -> 0
A96: CARRIED FORWARD | G96: =SUM(G52:G95) -> 213544
A99: ITEM NO | B99: PAY REF | C99: DESCRIPTION | D99: UNIT | E99: QTY | F99: RATE | G99: AMOUNT
A100: BROUGHT FORWARD | G100: =+G96 -> 213544
C102: Horisontal Formwork
A104: 18 | C104: Soffits - 8m high | D104: m2 | E104: =SUM(I104:N104) -> 0 | F104: 1150 | G104: =+E104*F104 -> 0
B106: 8.2.5 | C106: Narrow Widths (up to 300mm wide):
A108: 19 | C108: Over 100mm and up to 200mm | D108: m | E108: =SUM(I108:N108) -> 43 | F108: 135 | G108: =+E108*F108 -> 5805 | J108: 43
B110: 8.2.6 | C110: Box Out Holes / Form Voids:
C112: Small, other than circular, of area up to and including 0.15m2, and in the following depth ranges:
A114: 20 | C114: 0m up to and including 0,5m | D114: No | E114: =SUM(I114:N114) -> 6 | F114: 75 | G114: =+E114*F114 -> 450 | I114: 6
C116: Over 0.5m up to 1m | D116: No | E116: =SUM(I116:N116) -> 0 | F116: 275 | G116: =+E116*F116 -> 0
C118: Grooves, chases and splayes:
A120: =A114+1 -> 21 | C120: 25mm x 25mm Chamfers | D120: m | E120: =SUM(I120:AG120) -> 130 | F120: 36 | G120: =+E120*F120 -> 4680 | I120: 45 | K120: 85
B122: 8.3 | C122: SCHEDULED REINFORCING ITEMS
B124: 8.3.1 | C124: High-tensile steel bars in the following:
A126: =A120+1 -> 22 | C126: All diameters | D126: t | E126: =SUM(I126:N126) -> 6 | F126: 25750 | G126: =+E126*F126 -> 154500 | I126: 1 | K126: 3.5 | L126: 1.5
B128: 8.3.2 | C128: High Tensile Welded Mesh
A130: =A126+1 -> 23 | C130: Ref.395 mesh reinforcement | D130: m2 | E130: =SUM(I130:N130) -> 92 | F130: 345 | G130: =+E130*F130 -> 31740 | J130: 92
B132: 8.4 | C132: SCHEDULED CONCRETE ITEMS
B134: 8.4.2 | C134: Blinding layer in:
C136: Class 15Mpa/19mm:
A138: =A130+1 -> 24 | C138: 50mm Thickness | D138: m2 | E138: =SUM(I138:N138) -> 80.9 | F138: 175 | G138: =+E138*F138 -> 14157.5 | I138: 22.7 | K138: 43 | L138: 15.2
A148: CARRIED FORWARD | G148: =SUM(G100:G147) -> 424876.5
A151: ITEM NO | B151: PAY REF | C151: DESCRIPTION | D151: UNIT | E151: QTY | F151: RATE | G151: AMOUNT
A152: BROUGHT FORWARD | G152: =+G148 -> 424876.5
C154: Class 30Mpa/19mm in:
A156: =A138+1 -> 25 | C156: Stub-columns / Columns | D156: m3 | E156: =SUM(I156:N156) -> 1.88 | F156: 3550 | G156: =+E156*F156 -> 6674 | I156: 1.88
A158: =A156+1 -> 26 | C158: Bases | D158: m3 | E158: =SUM(I158:N158) -> 29.9 | F158: 3200 | G158: =+E158*F158 -> 95680 | I158: 6.8 | K158: 17 | L158: 6.1
A160: 25 | C160: Retaining walls | D160: m3 | E160: =SUM(I160:N160) -> 16.7 | F160: 3350 | G160: =+E160*F160 -> 55945 | K160: 11 | L160: 5.7
A162: 26 | C162: Surface beds including thickenings | D162: m3 | E162: =SUM(I162:N162) -> 18 | F162: 3200 | G162: =+E162*F162 -> 57600 | J162: 18
A164: =A162+1 -> 27 | C164: Elevated Slabs | D164: m3 | E164: =SUM(I164:N164) -> 0 | F164: 3650 | G164: =+E164*F164 -> 0
B166: 8.4.4 | C166: Unformed Surface Finishes
C168: Wood-floated finish to:
A170: =A164+1 -> 28 | C170: Bases | D170: m2 | E170: =SUM(I170:N170) -> 71.7 | F170: 46 | G170: =+E170*F170 -> 3298.2 | I170: 13.5 | K170: 43 | L170: 15.2
C172: Power-floated finish to:
A174: =A170+1 -> 29 | C174: Top of surface beds | D174: m2 | E174: =SUM(I174:N174) -> 92 | F174: 75 | G174: =+E174*F174 -> 6900 | J174: 92
B176: 8.5 | C176: JOINTS
C178: Joints in surface beds:
A180: =A174+1 -> 30 | C180: Joints (B) - Expansion Joint and waterstop in floor or footing | D180: m | E180: =SUM(I180:N180) -> 0 | F180: 375 | G180: =+E180*F180 -> 0
A182: =A180+1 -> 31 | C182: Joints (C) - Construction Joint | D182: m | E182: =SUM(I182:N182) -> 46 | F182: 355 | G182: =+E182*F182 -> 16330 | J182: 46
A184: =A182+1 -> 32 | C184: Joints (H) - Isolation Joint and waterstop in floor or footing | D184: m | E184: =SUM(I184:N184) -> 61 | F184: 195 | G184: =+E184*F184 -> 11895 | I184: 18 | J184: 43
C186: Joints (D1) - Saw Cut Joint in floor | D186: m | E186: =SUM(I186:N186) -> 24 | F186: 155 | G186: =+E186*F186 -> 3720 | J186: 24
C188: Joints in walls:
A190: =A184+1 -> 33 | C190: Joint A (Expansion joint in wall) | D190: m | E190: =SUM(I190:N190) -> 10 | F190: =F180 -> 375 | G190: =+E190*F190 -> 3750 | K190: 10
A192: =A190+1 -> 34 | C192: Joint E (Contraction joint in wall) | D192: m | E192: =SUM(I192:N192) -> 8 | F192: 395 | G192: =+E192*F192 -> 3160 | K192: 8
A194: =A192+1 -> 35 | C194: Joint E1 (Contraction joint in wall) | D194: m | E194: =SUM(I194:N194) -> 5 | F194: 395 | G194: =+E194*F194 -> 1975 | K194: 5
A198: CARRIED FORWARD | G198: =SUM(G152:G197) -> 691803.7
A201: ITEM NO | B201: PAY REF | C201: DESCRIPTION | D201: UNIT | E201: QTY | F201: RATE | G201: AMOUNT
A202: BROUGHT FORWARD | G202: =+G198 -> 691803.7
...

Sheet Stockpile and Crane
A1: GEORGE BIOMASS POWER PLANT
A2: =Summary!A2 -> NAFASI WATER - ARNOT WASTE TREATMENT PLANT | G2: =Summary!C2 -> Revision T1
A3: =Summary!A3 -> PILING AND CIVIL WORK
A4: SECTION 14 - BILL OF QUANTITIES | G4: =Summary!C4 -> 45183
A6: ITEM NO | B6: PAY REF | C6: DESCRIPTION | D6: UNIT | E6: QTY | F6: RATE | G6: AMOUNT | I6: Surface Beds | J6: Retaining Wall
C8: STOCKPILE AND CRANE HARDSTANDS
B10: SANS 1200F | C10: PILING (BORED PILES) | E10: =IF(SUM(H10:M10)>0,SUM(H10:M10),"")
E11: =IF(SUM(H11:M11)>0,SUM(H11:M11),"")
C12: Move equipment and setup: | E12: =IF(SUM(H12:M12)>0,SUM(H12:M12),"")
E13: =IF(SUM(H13:M13)>0,SUM(H13:M13),"")
A14: 1 | C14: Move equipment to and set up each pile position for heavy bored cast-in-situ piles (610mm diameter) | D14: No | E14: =SUM(I14:N14) -> 0 | F14: 1150 | G14: =+E14*F14 -> 0 | I14: 0 | J14: 0
C16: Bore Holes for Piles:
C17: Bored holes for cast-in-situ piles of 610mm diameter (heavy) through material situated in the following successive depth ranges:
A19: 2 | C19: 0m up to 10m | D19: m | E19: =SUM(I19:N19) -> 0 | F19: 1850 | G19: =+E19*F19 -> 0 | I19: =I14*10 -> 0 | J19: =J14*10 -> 0
A21: 3 | C21: 10m up to 20m | D21: m | E21: =SUM(I21:N21) -> 0 | F21: =F19 -> 1850 | G21: =+E21*F21 -> 0 | I21: =I14*5 -> 0 | J21: =J14*5 -> 0
C23: Forming of Bulbous bases:
A25: 4 | C25: For DCS piles of 610mm diameter | D25: No | E25: =SUM(I25:N25) -> 0 | F25: 1250 | G25: =+E25*F25 -> 0 | I25: =I14 -> 0 | J25: =J14 -> 0
C27: Steel reinforcement in cast-in-situ piles:
A29: 5 | C29: Mild steel, Plain | D29: t | E29: =SUM(I29:N29) -> 0 | F29: 29500 | G29: =+E29*F29 -> 0 | I29: =(I19+I21)*0.00325 -> 0 | J29: =(J19+J21)*0.00325 -> 0
A31: 6 | C31: High yield stress steel | D31: t | E31: =SUM(I31:AG31) -> 0 | F31: 28000 | G31: =+E31*F31 -> 0 | I31: =(I19+I21)*0.0215 -> 0 | J31: =(J19+J21)*0.0215 -> 0
C33: Concrete for cast-in-situ piles, under reams and sockets:
A35: 7 | C35: Compressive Strength 30Mpa/19mm
C37: Piles | D37: m3 | E37: =SUM(I37:N37) -> 0 | F37: 3500 | G37: =+E37*F37 -> 0 | I37: =((I19+I21)*0.292)+(I14*0.75) -> 0 | J37: =((J19+J21)*0.292)+(J14*0.75) -> 0
B39: PSF 8.2.20 | C39: Strip / cut heads off:
A41: 8 | C41: 610mm diameter bored pile | D41: No | E41: =SUM(I41:N41) -> 0 | F41: 875 | G41: =+E41*F41 -> 0 | I41: =I14 -> 0 | J41: =J14 -> 0
B43: SANS 1200D | C43: EARTHWORKS
A45: 9 | B45: 8.3.3 | C45: Rip and scarify in-situ material for a depth of 150mm, breaking down oversize material, adding suitable material where necessary and compact to 93% Mod AASHTO density | D45: m2 | E45: =SUM(I45:N45) -> 809 | F45: 225 | G45: =+E45*F45 -> 182025 | I45: 809
A48: CARRIED FORWARD | G48: =SUM(G8:G47) -> 182025
A51: ITEM NO | B51: PAY REF | C51: DESCRIPTION | D51: UNIT | E51: QTY | F51: RATE | G51: AMOUNT
A52: BROUGHT FORWARD | G52: =+G48 -> 182025
B54: 1200D | C54: EARTHWORKS
B56: 8.3.3 | C56: Restricted excavation
C58: Excavation for restricted foundations in all materials and dispose spoil material at a site provided by the Contractor
A60: 10 | C60: Depth up to 2m | D60: m3 | E60: =SUM(I60:N60) -> 67 | F60: 175 | G60: =+E60*F60 -> 11725 | J60: 67
C62: Extra overs on Item above for:
A64: 11 | C64: Soilcrete backfill under structures as indicated on the drawings or directed by the Engineer | D64: m3 | E64: =SUM(I64:N64) -> 0 | F64: 950 | G64: =+E64*F64 -> 0
C66: (The aggregate of soilcrete shall be mixed with 5% cement of volume and shall consist of approved soil or gravel containing stones, obtained from commercial sources, not bigger than 38mm and with a plasticity index not exceeding 10)
B68: 8.3.4 | C68: Importing of materials
C70: Extra over item for importation of materials from commercial sources:
A72: 12 | C72: Backfill with G5 material compacted to 93% MOD AASHTO from commercial sources selected by the Contractor | D72: m3 | E72: =SUM(I72:N72) -> 37 | F72: 725 | G72: =+E72*F72 -> 26825 | J72: 37
B74: SANS 1200G | C74: CONCRETE (STRUCTURAL)
B76: 8.2 | C76: SCHEDULED FORMWORK ITEMS
B78: 8.2.1 | C78: Rough:
C80: Vertical formwork to:
A82: 13 | C82: Bases | D82: m2 | E82: =SUM(I82:N82) -> 59 | F82: 475 | G82: =+E82*F82 -> 28025 | J82: 59
B84: 8.2.2 | C84: Smooth
C86: Vertical formwork to:
A88: 14 | C88: Sides of stub-columns / columns | D88: m2 | E88: =SUM(I88:N88) -> 0 | F88: 750 | G88: =+E88*F88 -> 0
A90: 15 | C90: Sides of bases | D90: m2 | E90: =SUM(I90:N90) -> 0 | F90: 635 | G90: =+E90*F90 -> 0
A92: 16 | C92: Sides of walls | D92: m2 | E92: =SUM(I92:N92) -> 148 | F92: 850 | G92: =+E92*F92 -> 125800 | J92: 148
A94: 17 | C94: Elevated Slab | D94: m2 | E94: =SUM(I94:N94) -> 0 | F94: 775 | G94: =+E94*F94 -> 0
A96: CARRIED FORWARD | G96: =SUM(G52:G95) -> 374400
A99: ITEM NO | B99: PAY REF | C99: DESCRIPTION | D99: UNIT | E99: QTY | F99: RATE | G99: AMOUNT
A100: BROUGHT FORWARD | G100: =+G96 -> 374400
C102: Horisontal Formwork
A104: 18 | C104: Soffits - 8m high | D104: m2 | E104: =SUM(I104:N104) -> 0 | F104: 1150 | G104: =+E104*F104 -> 0
B106: 8.2.5 | C106: Narrow Widths (up to 300mm wide):
A108: 19 | C108: Over 100mm and up to 200mm | D108: m | E108: =SUM(I108:N108) -> 248 | F108: 135 | G108: =+E108*F108 -> 33480 | I108: 248
B110: 8.2.6 | C110: Box Out Holes / Form Voids:
C112: Small, other than circular, of area up to and including 0.15m2, and in the following depth ranges:
A114: 20 | C114: 0m up to and including 0,5m | D114: No | E114: =SUM(I114:N114) -> 0 | F114: 75 | G114: =+E114*F114 -> 0
C116: Over 0.5m up to 1m | D116: No | E116: =SUM(I116:N116) -> 0 | F116: 275 | G116: =+E116*F116 -> 0
C118: Grooves, chases and splayes:
A120: =A114+1 -> 21 | C120: 25mm x 25mm Chamfers | D120: m | E120: =SUM(I120:AG120) -> 148 | F120: 36 | G120: =+E120*F120 -> 5328 | J120: 148
B122: 8.3 | C122: SCHEDULED REINFORCING ITEMS
B124: 8.3.1 | C124: High-tensile steel bars in the following:
A126: =A120+1 -> 22 | C126: All diameters | D126: t | E126: =SUM(I126:N126) -> 6.1 | F126: 25750 | G126: =+E126*F126 -> 157075 | J126: 6.1
B128: 8.3.2 | C128: High Tensile Welded Mesh
A130: =A126+1 -> 23 | C130: Ref.395 mesh reinforcement | D130: m2 | E130: =SUM(I130:N130) -> 735 | F130: 345 | G130: =+E130*F130 -> 253575 | I130: 735
B132: 8.4 | C132: SCHEDULED CONCRETE ITEMS
B134: 8.4.2 | C134: Blinding layer in:
C136: Class 15Mpa/19mm:
A138: =A130+1 -> 24 | C138: 50mm Thickness | D138: m2 | E138: =SUM(I138:N138) -> 74 | F138: 175 | G138: =+E138*F138 -> 12950 | J138: 74
A148: CARRIED FORWARD | G148: =SUM(G100:G147) -> 836808
A151: ITEM NO | B151: PAY REF | C151: DESCRIPTION | D151: UNIT | E151: QTY | F151: RATE | G151: AMOUNT
A152: BROUGHT FORWARD | G152: =+G148 -> 836808
C154: Class 30Mpa/19mm in:
A156: =A138+1 -> 25 | C156: Stub-columns / Columns | D156: m3 | E156: =SUM(I156:N156) -> 0 | F156: 3550 | G156: =+E156*F156 -> 0
A158: =A156+1 -> 26 | C158: Bases | D158: m3 | E158: =SUM(I158:N158) -> 30 | F158: 3200 | G158: =+E158*F158 -> 96000 | J158: 30
A160: 25 | C160: Retaining walls | D160: m3 | E160: =SUM(I160:N160) -> 19 | F160: 3350 | G160: =+E160*F160 -> 63650 | J160: 19
A162: 26 | C162: Surface beds including thickenings | D162: m3 | E162: =SUM(I162:N162) -> 257 | F162: 3200 | G162: =+E162*F162 -> 822400 | I162: 257
A164: =A162+1 -> 27 | C164: Elevated Slabs | D164: m3 | E164: =SUM(I164:N164) -> 0 | F164: 3650 | G164: =+E164*F164 -> 0
B166: 8.4.4 | C166: Unformed Surface Finishes
C168: Wood-floated finish to:
A170: =A164+1 -> 28 | C170: Bases | D170: m2 | E170: =SUM(I170:N170) -> 74 | F170: 46 | G170: =+E170*F170 -> 3404 | J170: 74
C172: Power-floated finish to:
A174: =A170+1 -> 29 | C174: Top of surface beds | D174: m2 | E174: =SUM(I174:N174) -> 735 | F174: 75 | G174: =+E174*F174 -> 55125 | I174: 735
B176: 8.5 | C176: JOINTS
C178: Joints in surface beds:
A180: =A174+1 -> 30 | C180: Joints (B) - Expansion Joint and waterstop in floor or footing | D180: m | E180: =SUM(I180:N180) -> 0 | F180: 375 | G180: =+E180*F180 -> 0
A182: =A180+1 -> 31 | C182: Joints (C) - Construction Joint | D182: m | E182: =SUM(I182:N182) -> 121 | F182: 355 | G182: =+E182*F182 -> 42955 | I182: 121
A184: =A182+1 -> 32 | C184: Joints (H) - Isolation Joint and waterstop in floor or footing | D184: m | E184: =SUM(I184:N184) -> 154 | F184: 195 | G184: =+E184*F184 -> 30030 | I184: 154
C186: Joints (D1) - Saw Cut Joint in floor | D186: m | E186: =SUM(I186:N186) -> 139 | F186: 155 | G186: =+E186*F186 -> 21545 | I186: 139
C188: Joints in walls:
A190: =A184+1 -> 33 | C190: Joint A (Expansion joint in wall) | D190: m | E190: =SUM(I190:N190) -> 18 | F190: =F180 -> 375 | G190: =+E190*F190 -> 6750 | J190: 18
A192: =A190+1 -> 34 | C192: Joint E (Contraction joint in wall) | D192: m | E192: =SUM(I192:N192) -> 14 | F192: 395 | G192: =+E192*F192 -> 5530 | J192: 14
A194: =A192+1 -> 35 | C194: Joint E1 (Contraction joint in wall) | D194: m | E194: =SUM(I194:N194) -> 9 | F194: 395 | G194: =+E194*F194 -> 3555 | J194: 9
A198: CARRIED FORWARD | G198: =SUM(G152:G197) -> 1987752
A201: ITEM NO | B201: PAY REF | C201: DESCRIPTION | D201: UNIT | E201: QTY | F201: RATE | G201: AMOUNT
A202: BROUGHT FORWARD | G202: =+G198 -> 1987752
...

Sheet Stage 1 & 2 Clarifiers
A1: GEORGE BIOMASS POWER PLANT
A2: =Summary!A2 -> NAFASI WATER - ARNOT WASTE TREATMENT PLANT | G2: =Summary!C2 -> Revision T1
A3: =Summary!A3 -> PILING AND CIVIL WORK
A4: SECTION 16 - BILL OF QUANTITIES | G4: =Summary!C4 -> 45183
A6: ITEM NO | B6: PAY REF | C6: DESCRIPTION | D6: UNIT | E6: QTY | F6: RATE | G6: AMOUNT | I6: Pile Caps | J6: Ground Beams | K6: Surface Bed | L6: Bund Walls | M6: Sumps | N6: Pump Plinths
C8: STAGE 1 AND STAGE 2 CLARIFIERS
B10: SANS 1200F | C10: PILING (BORED PILES) | E10: =IF(SUM(H10:R10)>0,SUM(H10:R10),"")
E11: =IF(SUM(H11:R11)>0,SUM(H11:R11),"")
C12: Move equipment and setup: | E12: =IF(SUM(H12:R12)>0,SUM(H12:R12),"")
E13: =IF(SUM(H13:R13)>0,SUM(H13:R13),"")
A14: 1 | C14: Move equipment to and set up each pile position for heavy bored cast-in-situ piles (610mm Pile diameter) | D14: No | E14: =SUM(I14:S14) -> 50 | F14: 1150 | G14: =+E14*F14 -> 57500 | I14: 50 | J14: 0 | K14: 0 | L14: 0 | M14: 0 | N14: 0
C16: Bore Holes for Piles:
C17: Bored holes for cast-in-situ piles of 610mm diameter (heavy) through material situated in the following successive depth ranges:
A19: 2 | C19: 0m up to 10m | D19: m | E19: =SUM(I19:S19) -> 500 | F19: 1850 | G19: =+E19*F19 -> 925000 | I19: =I14*10 -> 500 | J19: =J14*10 -> 0 | K19: =K14*10 -> 0 | L19: =L14*10 -> 0 | M19: =M14*10 -> 0 | N19: =N14*10 -> 0
A21: 3 | C21: 10m up to 20m | D21: m | E21: =SUM(I21:S21) -> 250 | F21: =F19 -> 1850 | G21: =+E21*F21 -> 462500 | I21: =I14*5 -> 250 | J21: =J14*5 -> 0 | K21: =K14*5 -> 0 | L21: =L14*5 -> 0 | M21: =M14*5 -> 0 | N21: =N14*5 -> 0
C23: Forming of Bulbous bases:
A25: 4 | C25: For DCS piles of 610mm diameter | D25: No | E25: =SUM(I25:S25) -> 50 | F25: 1250 | G25: =+E25*F25 -> 62500 | I25: =I14 -> 50 | J25: =J14 -> 0 | K25: =K14 -> 0 | L25: =L14 -> 0 | M25: =M14 -> 0 | N25: =N14 -> 0
C27: Steel reinforcement in cast-in-situ piles:
A29: 5 | C29: Mild steel, Plain | D29: t | E29: =SUM(I29:S29) -> 2.4375 | F29: 29500 | G29: =+E29*F29 -> 71906.25 | I29: =(I19+I21)*0.00325 -> 2.4375 | J29: =(J19+J21)*0.00325 -> 0 | K29: =(K19+K21)*0.00325 -> 0 | L29: =(L19+L21)*0.00325 -> 0 | M29: =(M19+M21)*0.00325 -> 0 | N29: =(N19+N21)*0.00325 -> 0
A31: 6 | C31: High yield stress steel | D31: t | E31: =SUM(I31:S31) -> 16.125 | F31: 28000 | G31: =+E31*F31 -> 451500 | I31: =(I19+I21)*0.0215 -> 16.125 | J31: =(J19+J21)*0.0215 -> 0 | K31: =(K19+K21)*0.0215 -> 0 | L31: =(L19+L21)*0.0215 -> 0 | M31: =(M19+M21)*0.0215 -> 0 | N31: =(N19+N21)*0.0215 -> 0
C33: Concrete for cast-in-situ piles, under reams and sockets:
A35: 7 | C35: Compressive Strength 30Mpa/19mm
C37: Piles | D37: m3 | E37: =SUM(I37:S37) -> 256.5 | F37: 3500 | G37: =+E37*F37 -> 897750 | I37: =((I19+I21)*0.292)+(I14*0.75) -> 256.5 | J37: =((J19+J21)*0.292)+(J14*0.75) -> 0 | K37: =((K19+K21)*0.292)+(K14*0.75) -> 0 | L37: =((L19+L21)*0.292)+(L14*0.75) -> 0 | M37: =((M19+M21)*0.292)+(M14*0.75) -> 0 | N37: =((N19+N21)*0.292)+(N14*0.75) -> 0
B39: PSF 8.2.20 | C39: Strip / cut heads off:
A41: 8 | C41: 610mm diameter bored pile | D41: No | E41: =SUM(I41:S41) -> 50 | F41: 875 | G41: =+E41*F41 -> 43750 | I41: =I14 -> 50 | J41: =J14 -> 0 | K41: =K14 -> 0 | L41: =L14 -> 0 | M41: =M14 -> 0 | N41: =N14 -> 0
B43: SANS 1200D | C43: EARTHWORKS
A45: 9 | B45: 8.3.3 | C45: Rip and scarify in-situ material for a depth of 150mm, breaking down oversize material, adding suitable material where necessary and compact to 93% Mod AASHTO density | D45: m2 | E45: =SUM(I45:S45) -> 935 | F45: 225 | G45: =+E45*F45 -> 210375 | K45: 935
A50: CARRIED FORWARD | G50: =SUM(G7:G49) -> 3182781.2
A53: ITEM NO | B53: PAY REF | C53: DESCRIPTION | D53: UNIT | E53: QTY | F53: RATE | G53: AMOUNT
A54: BROUGHT FORWARD | G54: =+G50 -> 3182781.2
B56: 1200D | C56: EARTHWORKS
B58: 8.3.3 | C58: Restricted excavation
C60: Excavation for restricted foundations in all materials and dispose spoil material at a site provided by the Contractor
A62: 10 | C62: Depth up to 2m | D62: m3 | E62: =SUM(I62:S62) -> 567.2 | F62: 175 | G62: =+E62*F62 -> 99260 | I62: 180 | J62: 103 | L62: 187 | M62: 97.2
C64: Extra overs on Item above for:
A66: 11 | C66: Soilcrete backfill under structures as indicated on the drawings or directed by the Engineer | D66: m3 | E66: =SUM(I66:S66) -> 0 | F66: 950 | G66: =+E66*F66 -> 0
C68: (The aggregate of soilcrete shall be mixed with 5% cement of volume and shall consist of approved soil or gravel containing stones, obtained from commercial sources, not bigger than 38mm and with a plasticity index not exceeding 10)
B70: 8.3.4 | C70: Importing of materials
C72: Extra over item for importation of materials from commercial sources:
A74: 12 | C74: Backfill with G5 material compacted to 93% MOD AASHTO from commercial sources selected by the Contractor | D74: m3 | E74: =SUM(I74:S74) -> 334.5 | F74: 725 | G74: =+E74*F74 -> 242512.5 | I74: 102 | J74: 65 | L74: 104 | M74: 63.5
B76: SANS 1200G | C76: CONCRETE (STRUCTURAL)
B78: 8.2 | C78: SCHEDULED FORMWORK ITEMS
B80: 8.2.1 | C80: Rough:
C82: Vertical formwork to:
A84: 13 | C84: Bases | D84: m2 | E84: =SUM(I84:S84) -> 578 | F84: 475 | G84: =+E84*F84 -> 274550 | I84: 250 | J84: 189 | L84: 128 | M84: 11
B86: 8.2.2 | C86: Smooth
C88: Vertical formwork to:
A90: 14 | C90: Sides of stub-columns / columns | D90: m2 | E90: =SUM(I90:S90) -> 147 | F90: 750 | G90: =+E90*F90 -> 110250 | I90: 132 | N90: 15
A92: 15 | C92: Sides of bases | D92: m2 | E92: =SUM(I92:S92) -> 0 | F92: 635 | G92: =+E92*F92 -> 0
A94: 16 | C94: Sides of walls | D94: m2 | E94: =SUM(I94:S94) -> 612 | F94: 850 | G94: =+E94*F94 -> 520200 | L94: 576 | M94: 36
A96: 17 | C96: Elevated Slab | D96: m2 | E96: =SUM(I96:S96) -> 0 | F96: 775 | G96: =+E96*F96 -> 0
A98: CARRIED FORWARD | G98: =SUM(G54:G97) -> 4429553.8
A101: ITEM NO | B101: PAY REF | C101: DESCRIPTION | D101: UNIT | E101: QTY | F101: RATE | G101: AMOUNT
A102: BROUGHT FORWARD | G102: =+G98 -> 4429553.8
C104: Horisontal Formwork
A106: 18 | C106: Soffits - 8m high | D106: m2 | E106: =SUM(I106:S106) -> 0 | F106: 1150 | G106: =+E106*F106 -> 0
B108: 8.2.5 | C108: Narrow Widths (up to 300mm wide):
A110: 19 | C110: Over 100mm and up to 200mm | D110: m | E110: =SUM(I110:S110) -> 160 | F110: 135 | G110: =+E110*F110 -> 21600 | K110: 160
B112: 8.2.6 | C112: Box Out Holes / Form Voids:
C114: Small, other than circular, of area up to and including 0.15m2, and in the following depth ranges:
A116: 20 | C116: 0m up to and including 0,5m | D116: No | E116: =SUM(I116:S116) -> 264 | F116: 75 | G116: =+E116*F116 -> 19800 | I116: 200 | N116: 64
C118: Over 0.5m up to 1m | D118: No | E118: =SUM(I118:S118) -> 0 | F118: 275 | G118: =+E118*F118 -> 0
C120: Grooves, chases and splayes:
A122: =A116+1 -> 21 | C122: 25mm x 25mm Chamfers | D122: m | E122: =SUM(I122:S122) -> 1066 | F122: 36 | G122: =+E122*F122 -> 38376 | I122: 370 | J122: 316 | L122: 320 | N122: 60
B124: 8.3 | C124: SCHEDULED REINFORCING ITEMS
B126: 8.3.1 | C126: High-tensile steel bars in the following:
A128: =A122+1 -> 22 | C128: All diameters | D128: t | E128: =SUM(I128:S128) -> 35.3 | F128: 25750 | G128: =+E128*F128 -> 908975 | I128: 11.3 | J128: 3 | L128: 18 | M128: 2.3 | N128: 0.7
B130: 8.3.2 | C130: High Tensile Welded Mesh
A132: =A128+1 -> 23 | C132: Ref.395 mesh reinforcement | D132: m2 | E132: =SUM(I132:S132) -> 850 | F132: 345 | G132: =+E132*F132 -> 293250 | K132: 850
B134: 8.4 | C134: SCHEDULED CONCRETE ITEMS
B136: 8.4.2 | C136: Blinding layer in:
C138: Class 15Mpa/19mm:
A140: =A132+1 -> 24 | C140: 50mm Thickness | D140: m2 | E140: =SUM(I140:S140) -> 559.1 | F140: 175 | G140: =+E140*F140 -> 97842.5 | I140: 171.1 | J140: 158 | L140: 208 | M140: 22
C142: Class 30Mpa/19mm in:
A144: =A140+1 -> 25 | C144: Stub-columns / Columns | D144: m3 | E144: =SUM(I144:S144) -> 26.1 | F144: 3550 | G144: =+E144*F144 -> 92655 | I144: 19.8 | N144: 6.3
A146: =A144+1 -> 26 | C146: Bases | D146: m3 | E146: =SUM(I146:S146) -> 208.1 | F146: 3200 | G146: =+E146*F146 -> 665920 | I146: 78.1 | J146: 38 | L146: 83 | M146: 9
A148: 25 | C148: Retaining walls | D148: m3 | E148: =SUM(I148:S148) -> 67 | F148: 3350 | G148: =+E148*F148 -> 224450 | L148: 58 | M148: 9
A150: CARRIED FORWARD | G150: =SUM(G102:G149) -> 6792422.2
A153: ITEM NO | B153: PAY REF | C153: DESCRIPTION | D153: UNIT | E153: QTY | F153: RATE | G153: AMOUNT
A154: BROUGHT FORWARD | G154: =+G150 -> 6792422.2
A156: 26 | C156: Surface beds including thickenings | D156: m3 | E156: =SUM(I156:S156) -> 170 | F156: 3200 | G156: =+E156*F156 -> 544000 | K156: 170
A158: =A156+1 -> 27 | C158: Elevated Slabs | D158: m3 | E158: =SUM(I158:S158) -> 0 | F158: 3650 | G158: =+E158*F158 -> 0
B160: 8.4.4 | C160: Unformed Surface Finishes
C162: Wood-floated finish to:
A164: =+A158+1 -> 28 | C164: Bases | D164: m2 | E164: =SUM(I164:S164) -> 371.1 | F164: 46 | G164: =+E164*F164 -> 17070.6 | I164: 78.1 | J164: 63 | L164: 208 | M164: 22
C166: Power-floated finish to:
A168: =A164+1 -> 29 | C168: Top of surface beds | D168: m2 | E168: =SUM(I168:S168) -> 850 | F168: 75 | G168: =+E168*F168 -> 63750 | K168: 850
B170: 8.5 | C170: JOINTS
C172: Joints in surface beds:
A174: =A168+1 -> 30 | C174: Joints (B) - Expansion Joint and waterstop in floor or footing | D174: m | E174: =SUM(I174:S174) -> 0 | F174: 375 | G174: =+E174*F174 -> 0
A176: =A174+1 -> 31 | C176: Joints (C) - Construction Joint | D176: m | E176: =SUM(I176:S176) -> 160 | F176: 355 | G176: =+E176*F176 -> 56800 | K176: 160
A178: =A176+1 -> 32 | C178: Joints (H) - Isolation Joint and waterstop in floor or footing | D178: m | E178: =SUM(I178:S178) -> 340 | F178: 195 | G178: =+E178*F178 -> 66300 | I178: 120 | K178: 160 | N178: 60
C180: Joints (D1) - Saw Cut Joint in floor | D180: m | E180: =SUM(I180:S180) -> 160 | F180: 155 | G180: =+E180*F180 -> 24800 | K180: 160
C182: Joints in walls:
A184: =A178+1 -> 33 | C184: Joint A (Expansion joint in wall) | D184: m | E184: =SUM(I184:S184) -> 61 | F184: =F174 -> 375 | G184: =+E184*F184 -> 22875 | L184: 61
A186: =A184+1 -> 34 | C186: Joint E (Contraction joint in wall) | D186: m | E186: =SUM(I186:S186) -> 49 | F186: 395 | G186: =+E186*F186 -> 19355 | L186: 49
A188: =A186+1 -> 35 | C188: Joint E1 (Contraction joint in wall) | D188: m | E188: =SUM(I188:S188) -> 33 | F188: 395 | G188: =+E188*F188 -> 13035 | L188: 33
B190: 8.7 | C190: GROUTING
C192: Under bases (or beds):
A194: =A188+1 -> 36 | C194: Non-shrink grout | D194: m3 | E194: =SUM(I194:S194) -> 3.25 | F194: 35000 | G194: =+E194*F194 -> 113750 | I194: 1.35 | N194: 1.9
...

Sheet Brine Treatment Plant
A1: GEORGE BIOMASS POWER PLANT
A2: =Summary!A2 -> NAFASI WATER - ARNOT WASTE TREATMENT PLANT | G2: =Summary!C2 -> Revision T1
A3: =Summary!A3 -> PILING AND CIVIL WORK
A4: SECTION 16 - BILL OF QUANTITIES | G4: =Summary!C4 -> 45183
A6: ITEM NO | B6: PAY REF | C6: DESCRIPTION | D6: UNIT | E6: QTY | F6: RATE | G6: AMOUNT | I6: Pile Caps | J6: Ground Beams | K6: Surface Bed | L6: Bund Walls | M6: Sumps | N6: Pump Plinths
C8: BRINE TREATMENT PLANT
B10: SANS 1200F | C10: PILING (BORED PILES) | E10: =IF(SUM(H10:R10)>0,SUM(H10:R10),"")
E11: =IF(SUM(H11:R11)>0,SUM(H11:R11),"")
C12: Move equipment and setup: | E12: =IF(SUM(H12:R12)>0,SUM(H12:R12),"")
E13: =IF(SUM(H13:R13)>0,SUM(H13:R13),"")
A14: 1 | C14: Move equipment to and set up each pile position for heavy bored cast-in-situ piles (610mm Pile diameter) | D14: No | E14: =SUM(I14:S14) -> 25 | F14: 1150 | G14: =+E14*F14 -> 28750 | I14: 25 | J14: 0 | K14: 0 | L14: 0 | M14: 0 | N14: 0
C16: Bore Holes for Piles:
C17: Bored holes for cast-in-situ piles of 610mm diameter (heavy) through material situated in the following successive depth ranges:
A19: 2 | C19: 0m up to 10m | D19: m | E19: =SUM(I19:S19) -> 250 | F19: 1850 | G19: =+E19*F19 -> 462500 | I19: =I14*10 -> 250 | J19: =J14*10 -> 0 | K19: =K14*10 -> 0 | L19: =L14*10 -> 0 | M19: =M14*10 -> 0 | N19: =N14*10 -> 0
A21: 3 | C21: 10m up to 20m | D21: m | E21: =SUM(I21:S21) -> 125 | F21: =F19 -> 1850 | G21: =+E21*F21 -> 231250 | I21: =I14*5 -> 125 | J21: =J14*5 -> 0 | K21: =K14*5 -> 0 | L21: =L14*5 -> 0 | M21: =M14*5 -> 0 | N21: =N14*5 -> 0
C23: Forming of Bulbous bases:
A25: 4 | C25: For DCS piles of 610mm diameter | D25: No | E25: =SUM(I25:S25) -> 25 | F25: 1250 | G25: =+E25*F25 -> 31250 | I25: =I14 -> 25 | J25: =J14 -> 0 | K25: =K14 -> 0 | L25: =L14 -> 0 | M25: =M14 -> 0 | N25: =N14 -> 0
C27: Steel reinforcement in cast-in-situ piles:
A29: 5 | C29: Mild steel, Plain | D29: t | E29: =SUM(I29:S29) -> 1.21875 | F29: 29500 | G29: =+E29*F29 -> 35953.125 | I29: =(I19+I21)*0.00325 -> 1.21875 | J29: =(J19+J21)*0.00325 -> 0 | K29: =(K19+K21)*0.00325 -> 0 | L29: =(L19+L21)*0.00325 -> 0 | M29: =(M19+M21)*0.00325 -> 0 | N29: =(N19+N21)*0.00325 -> 0
A31: 6 | C31: High yield stress steel | D31: t | E31: =SUM(I31:S31) -> 8.0625 | F31: 28000 | G31: =+E31*F31 -> 225750 | I31: =(I19+I21)*0.0215 -> 8.0625 | J31: =(J19+J21)*0.0215 -> 0 | K31: =(K19+K21)*0.0215 -> 0 | L31: =(L19+L21)*0.0215 -> 0 | M31: =(M19+M21)*0.0215 -> 0 | N31: =(N19+N21)*0.0215 -> 0
C33: Concrete for cast-in-situ piles, under reams and sockets:
A35: 7 | C35: Compressive Strength 30Mpa/19mm
C37: Piles | D37: m3 | E37: =SUM(I37:S37) -> 128.25 | F37: 3500 | G37: =+E37*F37 -> 448875 | I37: =((I19+I21)*0.292)+(I14*0.75) -> 128.25 | J37: =((J19+J21)*0.292)+(J14*0.75) -> 0 | K37: =((K19+K21)*0.292)+(K14*0.75) -> 0 | L37: =((L19+L21)*0.292)+(L14*0.75) -> 0 | M37: =((M19+M21)*0.292)+(M14*0.75) -> 0 | N37: =((N19+N21)*0.292)+(N14*0.75) -> 0
B39: PSF 8.2.20 | C39: Strip / cut heads off:
A41: 8 | C41: 610mm diameter bored pile | D41: No | E41: =SUM(I41:S41) -> 25 | F41: 875 | G41: =+E41*F41 -> 21875 | I41: =I14 -> 25 | J41: =J14 -> 0 | K41: =K14 -> 0 | L41: =L14 -> 0 | M41: =M14 -> 0 | N41: =N14 -> 0
B43: SANS 1200D | C43: EARTHWORKS
A45: 9 | B45: 8.3.3 | C45: Rip and scarify in-situ material for a depth of 150mm, breaking down oversize material, adding suitable material where necessary and compact to 93% Mod AASHTO density | D45: m2 | E45: =SUM(I45:S45) -> 308 | F45: 225 | G45: =+E45*F45 -> 69300 | K45: 308
A50: CARRIED FORWARD | G50: =SUM(G7:G49) -> 1555503.1
A53: ITEM NO | B53: PAY REF | C53: DESCRIPTION | D53: UNIT | E53: QTY | F53: RATE | G53: AMOUNT
A54: BROUGHT FORWARD | G54: =+G50 -> 1555503.1
B56: 1200D | C56: EARTHWORKS
B58: 8.3.3 | C58: Restricted excavation
C60: Excavation for restricted foundations in all materials and dispose spoil material at a site provided by the Contractor
A62: 10 | C62: Depth up to 2m | D62: m3 | E62: =SUM(I62:S62) -> 330 | F62: 175 | G62: =+E62*F62 -> 57750 | I62: 90 | J62: 111 | L62: 80 | M62: 49
C64: Extra overs on Item above for:
A66: 11 | C66: Soilcrete backfill under structures as indicated on the drawings or directed by the Engineer | D66: m3 | E66: =SUM(I66:S66) -> 0 | F66: 950 | G66: =+E66*F66 -> 0
C68: (The aggregate of soilcrete shall be mixed with 5% cement of volume and shall consist of approved soil or gravel containing stones, obtained from commercial sources, not bigger than 38mm and with a plasticity index not exceeding 10)
B70: 8.3.4 | C70: Importing of materials
C72: Extra over item for importation of materials from commercial sources:
A74: 12 | C74: Backfill with G5 material compacted to 93% MOD AASHTO from commercial sources selected by the Contractor | D74: m3 | E74: =SUM(I74:S74) -> 197 | F74: 725 | G74: =+E74*F74 -> 142825 | I74: 51 | J74: 70 | L74: 44 | M74: 32
B76: SANS 1200G | C76: CONCRETE (STRUCTURAL)
B78: 8.2 | C78: SCHEDULED FORMWORK ITEMS
B80: 8.2.1 | C80: Rough:
C82: Vertical formwork to:
A84: 13 | C84: Bases | D84: m2 | E84: =SUM(I84:S84) -> 389.3 | F84: 475 | G84: =+E84*F84 -> 184917.5 | I84: 125 | J84: 204 | L84: 55 | M84: 5.3
B86: 8.2.2 | C86: Smooth
C88: Vertical formwork to:
A90: 14 | C90: Sides of stub-columns / columns | D90: m2 | E90: =SUM(I90:S90) -> 81 | F90: 750 | G90: =+E90*F90 -> 60750 | I90: 66 | N90: 15
A92: 15 | C92: Sides of bases | D92: m2 | E92: =SUM(I92:S92) -> 0 | F92: 635 | G92: =+E92*F92 -> 0
A94: 16 | C94: Sides of walls | D94: m2 | E94: =SUM(I94:S94) -> 263 | F94: 850 | G94: =+E94*F94 -> 223550 | L94: 245 | M94: 18
A96: 17 | C96: Elevated Slab | D96: m2 | E96: =SUM(I96:S96) -> 0 | F96: 775 | G96: =+E96*F96 -> 0
A98: CARRIED FORWARD | G98: =SUM(G54:G97) -> 2225295.6
A101: ITEM NO | B101: PAY REF | C101: DESCRIPTION | D101: UNIT | E101: QTY | F101: RATE | G101: AMOUNT
A102: BROUGHT FORWARD | G102: =+G98 -> 2225295.6
C104: Horisontal Formwork
A106: 18 | C106: Soffits - 8m high | D106: m2 | E106: =SUM(I106:S106) -> 0 | F106: 1150 | G106: =+E106*F106 -> 0
B108: 8.2.5 | C108: Narrow Widths (up to 300mm wide):
A110: 19 | C110: Over 100mm and up to 200mm | D110: m | E110: =SUM(I110:S110) -> 67 | F110: 135 | G110: =+E110*F110 -> 9045 | K110: 67
B112: 8.2.6 | C112: Box Out Holes / Form Voids:
C114: Small, other than circular, of area up to and including 0.15m2, and in the following depth ranges:
A116: 20 | C116: 0m up to and including 0,5m | D116: No | E116: =SUM(I116:S116) -> 164 | F116: 75 | G116: =+E116*F116 -> 12300 | I116: 100 | N116: 64
C118: Over 0.5m up to 1m | D118: No | E118: =SUM(I118:S118) -> 0 | F118: 275 | G118: =+E118*F118 -> 0
C120: Grooves, chases and splayes:
A122: =A116+1 -> 21 | C122: 25mm x 25mm Chamfers | D122: m | E122: =SUM(I122:S122) -> 732 | F122: 36 | G122: =+E122*F122 -> 26352 | I122: 185 | J122: 341 | L122: 146 | N122: 60
B124: 8.3 | C124: SCHEDULED REINFORCING ITEMS
B126: 8.3.1 | C126: High-tensile steel bars in the following:
A128: =A122+1 -> 22 | C128: All diameters | D128: t | E128: =SUM(I128:S128) -> 18.3 | F128: 25750 | G128: =+E128*F128 -> 471225 | I128: 5.6 | J128: 3.3 | L128: 7.6 | M128: 1.1 | N128: 0.7
B130: 8.3.2 | C130: High Tensile Welded Mesh
A132: =A128+1 -> 23 | C132: Ref.395 mesh reinforcement | D132: m2 | E132: =SUM(I132:S132) -> 280 | F132: 345 | G132: =+E132*F132 -> 96600 | K132: 280
B134: 8.4 | C134: SCHEDULED CONCRETE ITEMS
B136: 8.4.2 | C136: Blinding layer in:
C138: Class 15Mpa/19mm:
A140: =A132+1 -> 24 | C140: 50mm Thickness | D140: m2 | E140: =SUM(I140:S140) -> 356.4 | F140: 175 | G140: =+E140*F140 -> 62370 | I140: 86 | J140: 171 | L140: 88.4 | M140: 11
C142: Class 30Mpa/19mm in:
A144: =A140+1 -> 25 | C144: Stub-columns / Columns | D144: m3 | E144: =SUM(I144:S144) -> 16.3 | F144: 3550 | G144: =+E144*F144 -> 57865 | I144: 10 | N144: 6.3
A146: =A144+1 -> 26 | C146: Bases | D146: m3 | E146: =SUM(I146:S146) -> 119.8 | F146: 3200 | G146: =+E146*F146 -> 383360 | I146: 39 | J146: 41 | L146: 35.4 | M146: 4.4
A148: 25 | C148: Retaining walls | D148: m3 | E148: =SUM(I148:S148) -> 29 | F148: 3350 | G148: =+E148*F148 -> 97150 | L148: 24.5 | M148: 4.5
A150: CARRIED FORWARD | G150: =SUM(G102:G149) -> 3441562.6
A153: ITEM NO | B153: PAY REF | C153: DESCRIPTION | D153: UNIT | E153: QTY | F153: RATE | G153: AMOUNT
A154: BROUGHT FORWARD | G154: =+G150 -> 3441562.6
A156: 26 | C156: Surface beds including thickenings | D156: m3 | E156: =SUM(I156:S156) -> 56 | F156: 3200 | G156: =+E156*F156 -> 179200 | K156: 56
A158: =A156+1 -> 27 | C158: Elevated Slabs | D158: m3 | E158: =SUM(I158:S158) -> 0 | F158: 3650 | G158: =+E158*F158 -> 0
B160: 8.4.4 | C160: Unformed Surface Finishes
C162: Wood-floated finish to:
A164: =+A158+1 -> 28 | C164: Bases | D164: m2 | E164: =SUM(I164:S164) -> 206.4 | F164: 46 | G164: =+E164*F164 -> 9494.4 | I164: 39 | J164: 68 | L164: 88.4 | M164: 11
C166: Power-floated finish to:
A168: =A164+1 -> 29 | C168: Top of surface beds | D168: m2 | E168: =SUM(I168:S168) -> 280 | F168: 75 | G168: =+E168*F168 -> 21000 | K168: 280
B170: 8.5 | C170: JOINTS
C172: Joints in surface beds:
A174: =A168+1 -> 30 | C174: Joints (B) - Expansion Joint and waterstop in floor or footing | D174: m | E174: =SUM(I174:S174) -> 0 | F174: 375 | G174: =+E174*F174 -> 0
A176: =A174+1 -> 31 | C176: Joints (C) - Construction Joint | D176: m | E176: =SUM(I176:S176) -> 70 | F176: 355 | G176: =+E176*F176 -> 24850 | K176: 70
A178: =A176+1 -> 32 | C178: Joints (H) - Isolation Joint and waterstop in floor or footing | D178: m | E178: =SUM(I178:S178) -> 187 | F178: 195 | G178: =+E178*F178 -> 36465 | I178: 60 | K178: 67 | N178: 60
C180: Joints (D1) - Saw Cut Joint in floor | D180: m | E180: =SUM(I180:S180) -> 64 | F180: 155 | G180: =+E180*F180 -> 9920 | K180: 64
C182: Joints in walls:
A184: =A178+1 -> 33 | C184: Joint A (Expansion joint in wall) | D184: m | E184: =SUM(I184:S184) -> 26 | F184: =F174 -> 375 | G184: =+E184*F184 -> 9750 | L184: 26
A186: =A184+1 -> 34 | C186: Joint E (Contraction joint in wall) | D186: m | E186: =SUM(I186:S186) -> 21 | F186: 395 | G186: =+E186*F186 -> 8295 | L186: 21
A188: =A186+1 -> 35 | C188: Joint E1 (Contraction joint in wall) | D188: m | E188: =SUM(I188:S188) -> 14 | F188: 395 | G188: =+E188*F188 -> 5530 | L188: 14
B190: 8.7 | C190: GROUTING
C192: Under bases (or beds):
A194: =A188+1 -> 36 | C194: Non-shrink grout | D194: m3 | E194: =SUM(I194:S194) -> 2.6 | F194: 35000 | G194: =+E194*F194 -> 91000 | I194: 0.7 | N194: 1.9
...

Sheet Transformer Bunded
A1: GEORGE BIOMASS POWER PLANT
A2: =Summary!A2 -> NAFASI WATER - ARNOT WASTE TREATMENT PLANT | G2: =Summary!C2 -> Revision T1
A3: =Summary!A3 -> PILING AND CIVIL WORK
A4: SECTION 17 - BILL OF QUANTITIES | G4: =Summary!C4 -> 45183
A6: ITEM NO | B6: PAY REF | C6: DESCRIPTION | D6: UNIT | E6: QTY | F6: RATE | G6: AMOUNT | I6: Surface Beds | J6: Retaining Wall | K6: Sump | L6: Transformer Plinths
C8: TRANSFORMER BUNDED AREA
B10: SANS 1200F | C10: PILING (BORED PILES) | E10: =IF(SUM(H10:M10)>0,SUM(H10:M10),"")
E11: =IF(SUM(H11:M11)>0,SUM(H11:M11),"")
C12: Move equipment and setup: | E12: =IF(SUM(H12:M12)>0,SUM(H12:M12),"")
E13: =IF(SUM(H13:M13)>0,SUM(H13:M13),"")
A14: 1 | C14: Move equipment to and set up each pile position for heavy bored cast-in-situ piles (610mm diameter) | D14: No | E14: =SUM(I14:N14) -> 0 | F14: 1150 | G14: =+E14*F14 -> 0 | I14: 0 | J14: 0 | K14: 0 | L14: 0
C16: Bore Holes for Piles:
C17: Bored holes for cast-in-situ piles of 610mm diameter (heavy) through material situated in the following successive depth ranges:
A19: 2 | C19: 0m up to 10m | D19: m | E19: =SUM(I19:N19) -> 0 | F19: 1850 | G19: =+E19*F19 -> 0 | I19: =I14*10 -> 0 | J19: =J14*10 -> 0 | K19: =K14*10 -> 0 | L19: =L14*10 -> 0
A21: 3 | C21: 10m up to 20m | D21: m | E21: =SUM(I21:N21) -> 0 | F21: =F19 -> 1850 | G21: =+E21*F21 -> 0 | I21: =I14*5 -> 0 | J21: =J14*5 -> 0 | K21: =K14*5 -> 0 | L21: =L14*5 -> 0
C23: Forming of Bulbous bases:
A25: 4 | C25: For DCS piles of 610mm diameter | D25: No | E25: =SUM(I25:N25) -> 0 | F25: 1250 | G25: =+E25*F25 -> 0 | I25: =I14 -> 0 | J25: =J14 -> 0 | K25: =K14 -> 0 | L25: =L14 -> 0
C27: Steel reinforcement in cast-in-situ piles:
A29: 5 | C29: Mild steel, Plain | D29: t | E29: =SUM(I29:N29) -> 0 | F29: 29500 | G29: =+E29*F29 -> 0 | I29: =(I19+I21)*0.00325 -> 0 | J29: =(J19+J21)*0.00325 -> 0 | K29: =(K19+K21)*0.00325 -> 0 | L29: =(L19+L21)*0.00325 -> 0
A31: 6 | C31: High yield stress steel | D31: t | E31: =SUM(I31:AG31) -> 0 | F31: 28000 | G31: =+E31*F31 -> 0 | I31: =(I19+I21)*0.0215 -> 0 | J31: =(J19+J21)*0.0215 -> 0 | K31: =(K19+K21)*0.0215 -> 0 | L31: =(L19+L21)*0.0215 -> 0
C33: Concrete for cast-in-situ piles, under reams and sockets:
A35: 7 | C35: Compressive Strength 30Mpa/19mm
C37: Piles | D37: m3 | E37: =SUM(I37:N37) -> 0 | F37: 3500 | G37: =+E37*F37 -> 0 | I37: =((I19+I21)*0.292)+(I14*0.75) -> 0 | J37: =((J19+J21)*0.292)+(J14*0.75) -> 0 | K37: =((K19+K21)*0.292)+(K14*0.75) -> 0 | L37: =((L19+L21)*0.292)+(L14*0.75) -> 0
B39: PSF 8.2.20 | C39: Strip / cut heads off:
A41: 8 | C41: 610mm diameter bored pile | D41: No | E41: =SUM(I41:N41) -> 0 | F41: 875 | G41: =+E41*F41 -> 0 | I41: =I14 -> 0 | J41: =J14 -> 0 | K41: =K14 -> 0 | L41: =L14 -> 0
B43: SANS 1200D | C43: EARTHWORKS
A45: 9 | B45: 8.3.3 | C45: Rip and scarify in-situ material for a depth of 150mm, breaking down oversize material, adding suitable material where necessary and compact to 93% Mod AASHTO density | D45: m2 | E45: =SUM(I45:N45) -> 88 | F45: 225 | G45: =+E45*F45 -> 19800 | I45: 88
A48: CARRIED FORWARD | G48: =SUM(G8:G47) -> 19800
A51: ITEM NO | B51: PAY REF | C51: DESCRIPTION | D51: UNIT | E51: QTY | F51: RATE | G51: AMOUNT
A52: BROUGHT FORWARD | G52: =+G48 -> 19800
B54: 1200D | C54: EARTHWORKS
B56: 8.3.3 | C56: Restricted excavation
C58: Excavation for restricted foundations in all materials and dispose spoil material at a site provided by the Contractor
A60: 10 | C60: Depth up to 2m | D60: m3 | E60: =SUM(I60:N60) -> 77.15 | F60: 175 | G60: =+E60*F60 -> 13501.25 | J60: 60 | K60: 17.15
C62: Extra overs on Item above for:
A64: 11 | C64: Soilcrete backfill under structures as indicated on the drawings or directed by the Engineer | D64: m3 | E64: =SUM(I64:N64) -> 0 | F64: 950 | G64: =+E64*F64 -> 0
C66: (The aggregate of soilcrete shall be mixed with 5% cement of volume and shall consist of approved soil or gravel containing stones, obtained from commercial sources, not bigger than 38mm and with a plasticity index not exceeding 10)
B68: 8.3.4 | C68: Importing of materials
C70: Extra over item for importation of materials from commercial sources:
A72: 12 | C72: Backfill with G5 material compacted to 93% MOD AASHTO from commercial sources selected by the Contractor | D72: m3 | E72: =SUM(I72:N72) -> 46.78 | F72: 725 | G72: =+E72*F72 -> 33915.5 | J72: 34 | K72: 12.78
B74: SANS 1200G | C74: CONCRETE (STRUCTURAL)
B76: 8.2 | C76: SCHEDULED FORMWORK ITEMS
B78: 8.2.1 | C78: Rough:
C80: Vertical formwork to:
A82: 13 | C82: Bases | D82: m2 | E82: =SUM(I82:N82) -> 45.68 | F82: 475 | G82: =+E82*F82 -> 21698 | J82: 42 | K82: 3.68
B84: 8.2.2 | C84: Smooth
C86: Vertical formwork to:
A88: 14 | C88: Sides of stub-columns / columns | D88: m2 | E88: =SUM(I88:N88) -> 17 | F88: 750 | G88: =+E88*F88 -> 12750 | L88: 17
A90: 15 | C90: Sides of bases | D90: m2 | E90: =SUM(I90:N90) -> 0 | F90: 635 | G90: =+E90*F90 -> 0
A92: 16 | C92: Sides of walls | D92: m2 | E92: =SUM(I92:N92) -> 228 | F92: 850 | G92: =+E92*F92 -> 193800 | J92: 223 | K92: 5
A94: 17 | C94: Elevated Slab | D94: m2 | E94: =SUM(I94:N94) -> 0 | F94: 775 | G94: =+E94*F94 -> 0
A96: CARRIED FORWARD | G96: =SUM(G52:G95) -> 295464.75
A99: ITEM NO | B99: PAY REF | C99: DESCRIPTION | D99: UNIT | E99: QTY | F99: RATE | G99: AMOUNT
A100: BROUGHT FORWARD | G100: =+G96 -> 295464.75
C102: Horisontal Formwork
A104: 18 | C104: Soffits - 8m high | D104: m2 | E104: =SUM(I104:N104) -> 0 | F104: 1150 | G104: =+E104*F104 -> 0
B106: 8.2.5 | C106: Narrow Widths (up to 300mm wide):
A108: 19 | C108: Over 100mm and up to 200mm | D108: m | E108: =SUM(I108:N108) -> 42 | F108: 135 | G108: =+E108*F108 -> 5670 | I108: 42
B110: 8.2.6 | C110: Box Out Holes / Form Voids:
C112: Small, other than circular, of area up to and including 0.15m2, and in the following depth ranges:
A114: 20 | C114: 0m up to and including 0,5m | D114: No | E114: =SUM(I114:N114) -> 0 | F114: 75 | G114: =+E114*F114 -> 0
C116: Over 0.5m up to 1m | D116: No | E116: =SUM(I116:N116) -> 0 | F116: 275 | G116: =+E116*F116 -> 0
C118: Grooves, chases and splayes:
A120: =A114+1 -> 21 | C120: 25mm x 25mm Chamfers | D120: m | E120: =SUM(I120:AG120) -> 138 | F120: 36 | G120: =+E120*F120 -> 4968 | J120: 104 | L120: 34
B122: 8.3 | C122: SCHEDULED REINFORCING ITEMS
B124: 8.3.1 | C124: High-tensile steel bars in the following:
A126: =A120+1 -> 22 | C126: All diameters | D126: t | E126: =SUM(I126:N126) -> 7.7 | F126: 25750 | G126: =+E126*F126 -> 198275 | J126: 6.3 | K126: 0.4 | L126: 1
B128: 8.3.2 | C128: High Tensile Welded Mesh
A130: =A126+1 -> 23 | C130: Ref.395 mesh reinforcement | D130: m2 | E130: =SUM(I130:N130) -> 80 | F130: 345 | G130: =+E130*F130 -> 27600 | I130: 80
B132: 8.4 | C132: SCHEDULED CONCRETE ITEMS
B134: 8.4.2 | C134: Blinding layer in:
C136: Class 15Mpa/19mm:
A138: =A130+1 -> 24 | C138: 50mm Thickness | D138: m2 | E138: =SUM(I138:N138) -> 72.29 | F138: 175 | G138: =+E138*F138 -> 12650.75 | J138: 67 | K138: 5.29
A148: CARRIED FORWARD | G148: =SUM(G100:G147) -> 544628.5
A151: ITEM NO | B151: PAY REF | C151: DESCRIPTION | D151: UNIT | E151: QTY | F151: RATE | G151: AMOUNT
A152: BROUGHT FORWARD | G152: =+G148 -> 544628.5
C154: Class 30Mpa/19mm in:
A156: =A138+1 -> 25 | C156: Stub-columns / Columns | D156: m3 | E156: =SUM(I156:N156) -> 9 | F156: 3550 | G156: =+E156*F156 -> 31950 | L156: 9
A158: =A156+1 -> 26 | C158: Bases | D158: m3 | E158: =SUM(I158:N158) -> 29.12 | F158: 3200 | G158: =+E158*F158 -> 93184 | J158: 27 | K158: 2.12
A160: 25 | C160: Retaining walls | D160: m3 | E160: =SUM(I160:N160) -> 23.25 | F160: 3350 | G160: =+E160*F160 -> 77887.5 | J160: 22 | K160: 1.25
A162: 26 | C162: Surface beds including thickenings | D162: m3 | E162: =SUM(I162:N162) -> 16 | F162: 3200 | G162: =+E162*F162 -> 51200 | I162: 16
A164: =A162+1 -> 27 | C164: Elevated Slabs | D164: m3 | E164: =SUM(I164:N164) -> 0 | F164: 3650 | G164: =+E164*F164 -> 0
B166: 8.4.4 | C166: Unformed Surface Finishes
C168: Wood-floated finish to:
A170: =A164+1 -> 28 | C170: Bases | D170: m2 | E170: =SUM(I170:N170) -> 72.29 | F170: 46 | G170: =+E170*F170 -> 3325.34 | J170: 67 | K170: 5.29
C172: Power-floated finish to:
A174: =A170+1 -> 29 | C174: Top of surface beds | D174: m2 | E174: =SUM(I174:N174) -> 80 | F174: 75 | G174: =+E174*F174 -> 6000 | I174: 80
B176: 8.5 | C176: JOINTS
C178: Joints in surface beds:
A180: =A174+1 -> 30 | C180: Joints (B) - Expansion Joint and waterstop in floor or footing | D180: m | E180: =SUM(I180:N180) -> 0 | F180: 375 | G180: =+E180*F180 -> 0
A182: =A180+1 -> 31 | C182: Joints (C) - Construction Joint | D182: m | E182: =SUM(I182:N182) -> 42 | F182: 355 | G182: =+E182*F182 -> 14910 | I182: 42
A184: =A182+1 -> 32 | C184: Joints (H) - Isolation Joint and waterstop in floor or footing | D184: m | E184: =SUM(I184:N184) -> 76 | F184: 195 | G184: =+E184*F184 -> 14820 | I184: 42 | L184: 34
C186: Joints (D1) - Saw Cut Joint in floor | D186: m | E186: =SUM(I186:N186) -> 15 | F186: 155 | G186: =+E186*F186 -> 2325 | I186: 15
C188: Joints in walls:
A190: =A184+1 -> 33 | C190: Joint A (Expansion joint in wall) | D190: m | E190: =SUM(I190:N190) -> 22 | F190: =F180 -> 375 | G190: =+E190*F190 -> 8250 | J190: 22
A192: =A190+1 -> 34 | C192: Joint E (Contraction joint in wall) | D192: m | E192: =SUM(I192:N192) -> 18 | F192: 395 | G192: =+E192*F192 -> 7110 | J192: 18
A194: =A192+1 -> 35 | C194: Joint E1 (Contraction joint in wall) | D194: m | E194: =SUM(I194:N194) -> 12 | F194: 395 | G194: =+E194*F194 -> 4740 | J194: 12
A198: CARRIED FORWARD | G198: =SUM(G152:G197) -> 860330.34
A201: ITEM NO | B201: PAY REF | C201: DESCRIPTION | D201: UNIT | E201: QTY | F201: RATE | G201: AMOUNT
A202: BROUGHT FORWARD | G202: =+G198 -> 860330.34
...

Sheet Weigh Bridge
A1: GEORGE BIOMASS POWER PLANT
A2: =Summary!A2 -> NAFASI WATER - ARNOT WASTE TREATMENT PLANT | G2: =Summary!C2 -> Revision T1
A3: =Summary!A3 -> PILING AND CIVIL WORK
A4: SECTION 18 - BILL OF QUANTITIES | G4: =Summary!C4 -> 45183
A6: ITEM NO | B6: PAY REF | C6: DESCRIPTION | D6: UNIT | E6: QTY | F6: RATE | G6: AMOUNT | I6: Foundations
C8: WEIGH BRIDGE
B10: SANS 1200F | C10: PILING (BORED PILES)
C12: Move equipment and setup:
A14: 1 | C14: Move equipment to and set up each pile position for heavy bored cast-in-situ piles (610mm diameter) | D14: No | E14: =SUM(I14:I14) -> 10 | F14: 1150 | G14: =+E14*F14 -> 11500 | I14: 10
C16: Bore Holes for Piles:
C17: Bored holes for cast-in-situ piles of 610mm diameter (heavy) through material situated in the following successive depth ranges:
A19: 2 | C19: 0m up to 10m | D19: m | E19: =SUM(I19:Z19) -> 100 | F19: 1850 | G19: =+E19*F19 -> 185000 | I19: =I14*10 -> 100
A21: 3 | C21: 10m up to 20m | D21: m | E21: =SUM(I21:I21) -> 50 | F21: =F19 -> 1850 | G21: =+E21*F21 -> 92500 | I21: =I14*5 -> 50
C23: Forming of Bulbous bases:
A25: 4 | C25: For DCS piles of 610mm diameter | D25: No | E25: =SUM(I25:I25) -> 10 | F25: 1250 | G25: =+E25*F25 -> 12500 | I25: =I14 -> 10
C27: Steel reinforcement in cast-in-situ piles:
A29: 5 | C29: Mild steel, Plain | D29: t | E29: =SUM(I29:I29) -> 0.4875 | F29: 29500 | G29: =+E29*F29 -> 14381.25 | I29: =(I19+I21)*0.00325 -> 0.4875
A31: 6 | C31: High yield stress steel | D31: t | E31: =SUM(I31:I31) -> 3.225 | F31: 28000 | G31: =+E31*F31 -> 90300 | I31: =(I19+I21)*0.0215 -> 3.225
C33: Concrete for cast-in-situ piles, under reams and sockets:
A35: 7 | C35: Compressive Strength 30Mpa/19mm
C37: Piles | D37: m3 | E37: =SUM(I37:I37) -> 51.3 | F37: 3500 | G37: =+E37*F37 -> 179550 | I37: =((I19+I21)*0.292)+(I14*0.75) -> 51.3
B39: PSF 8.2.20 | C39: Strip / cut heads off:
A41: 8 | C41: 610mm diameter bored pile | D41: No | E41: =SUM(I41:I41) -> 10 | F41: 875 | G41: =+E41*F41 -> 8750 | I41: =I14 -> 10
B43: SANS 1200D | C43: EARTHWORKS
A45: 9 | B45: 8.3.3 | C45: Rip and scarify in-situ material for a depth of 150mm, breaking down oversize material, adding suitable material where necessary and compact to 93% Mod AASHTO density | D45: m2 | E45: =SUM(I45:I45) -> 341 | F45: 225 | G45: =+E45*F45 -> 76725 | I45: 341
A47: CARRIED FORWARD | G47: =SUM(G8:G46) -> 671206.25
A50: ITEM NO | B50: PAY REF | C50: DESCRIPTION | D50: UNIT | E50: QTY | F50: RATE | G50: AMOUNT
A51: BROUGHT FORWARD | G51: =+G47 -> 671206.25
B53: 1200D | C53: EARTHWORKS
B55: 8.3.3 | C55: Restricted excavation
C57: Excavation for restricted foundations in all materials and dispose spoil material at a site provided by the Contractor
A59: 10 | C59: Depth up to 2m | D59: m3 | E59: =SUM(I59:I59) -> 23 | F59: 175 | G59: =+E59*F59 -> 4025 | I59: 23
C61: Extra overs on Item above for:
A63: 11 | C63: Soilcrete backfill under structures as indicated on the drawings or directed by the Engineer | D63: m3 | E63: =SUM(I63:I63) -> 3 | F63: 950 | G63: =+E63*F63 -> 2850 | I63: 3
C65: (The aggregate of soilcrete shall be mixed with 5% cement of volume and shall consist of approved soil or gravel containing stones, obtained from commercial sources, not bigger than 38mm and with a plasticity index not exceeding 10)
B67: 8.3.4 | C67: Importing of materials
C69: Extra over item for importation of materials from commercial sources:
A71: 12 | C71: Backfill with G5 material compacted to 93% MOD AASHTO from commercial sources selected by the Contractor | D71: m3 | E71: =SUM(I71:I71) -> 18 | F71: 725 | G71: =+E71*F71 -> 13050 | I71: 18
B73: SANS 1200G | C73: CONCRETE (STRUCTURAL)
B75: 8.2 | C75: SCHEDULED FORMWORK ITEMS
B77: 8.2.1 | C77: Rough:
C79: Vertical formwork to:
A81: 13 | C81: Bases | D81: m2 | E81: =SUM(I81:I81) -> 38 | F81: 475 | G81: =+E81*F81 -> 18050 | I81: 38
A91: CARRIED FORWARD | G91: =SUM(G51:G90) -> 709181.25
A94: ITEM NO | B94: PAY REF | C94: DESCRIPTION | D94: UNIT | E94: QTY | F94: RATE | G94: AMOUNT
A95: BROUGHT FORWARD | G95: =+G91 -> 709181.25
B97: 8.2.2 | C97: Smooth
C99: Vertical formwork to:
A101: 14 | C101: Sides of stub-columns / columns | D101: m2 | E101: =SUM(I101:I101) -> 0 | F101: 750 | G101: =+E101*F101 -> 0
A103: 15 | C103: Sides of bases | D103: m2 | E103: =SUM(I103:I103) -> 0 | F103: 635 | G103: =+E103*F103 -> 0
A105: 16 | C105: Sides of walls | D105: m2 | E105: =SUM(I105:I105) -> 0 | F105: 850 | G105: =+E105*F105 -> 0
A107: 17 | C107: Elevated Slab | D107: m2 | E107: =SUM(I107:I107) -> 0 | F107: 775 | G107: =+E107*F107 -> 0
C109: Horisontal Formwork
A111: 18 | C111: Soffits - 8m high | D111: m2 | E111: =SUM(I111:I111) -> 0 | F111: 1150 | G111: =+E111*F111 -> 0
B113: 8.2.5 | C113: Narrow Widths (up to 300mm wide):
A115: 19 | C115: Over 100mm and up to 200mm | D115: m | E115: =SUM(I115:I115) -> 97 | F115: 135 | G115: =+E115*F115 -> 13095 | I115: 97
B117: 8.2.6 | C117: Box Out Holes / Form Voids:
C119: Small, other than circular, of area up to and including 0.15m2, and in the following depth ranges:
A121: 20 | C121: 0m up to and including 0,5m | D121: No | E121: =SUM(I121:I121) -> 0 | F121: 75 | G121: =+E121*F121 -> 0
C123: Over 0.5m up to 1m | D123: No | E123: =SUM(I123:I123) -> 0 | F123: 275 | G123: =+E123*F123 -> 0
C125: Grooves, chases and splayes:
A127: =A121+1 -> 21 | C127: 25mm x 25mm Chamfers | D127: m | E127: =SUM(I127:I127) -> 110 | F127: 36 | G127: =+E127*F127 -> 3960 | I127: 110
B129: 8.3 | C129: SCHEDULED REINFORCING ITEMS
B131: 8.3.1 | C131: High-tensile steel bars in the following:
A133: =A127+1 -> 22 | C133: All diameters | D133: t | E133: =SUM(I133:I133) -> 8 | F133: 25750 | G133: =+E133*F133 -> 206000 | I133: 8
B135: 8.3.2 | C135: High Tensile Welded Mesh
A137: =A133+1 -> 23 | C137: Ref.395 mesh reinforcement | D137: m2 | E137: =SUM(I137:I137) -> 80 | F137: 345 | G137: =+E137*F137 -> 27600 | I137: 80
A142: CARRIED FORWARD | G142: =SUM(G95:G141) -> 959836.25
A145: ITEM NO | B145: PAY REF | C145: DESCRIPTION | D145: UNIT | E145: QTY | F145: RATE | G145: AMOUNT
A146: BROUGHT FORWARD | G146: =+G142 -> 959836.25
B148: 8.4 | C148: SCHEDULED CONCRETE ITEMS
B150: 8.4.2 | C150: Blinding layer in:
C152: Class 15Mpa/19mm:
A154: =A137+1 -> 24 | C154: 50mm Thickness | D154: m2 | E154: =SUM(I154:I154) -> 176 | F154: 175 | G154: =+E154*F154 -> 30800 | I154: 176
C156: Class 30Mpa/19mm in:
A158: =A154+1 -> 25 | C158: Stub-columns / Columns | D158: m3 | E158: =SUM(I158:I158) -> 0 | F158: 3550 | G158: =+E158*F158 -> 0
A160: =A158+1 -> 26 | C160: Bases | D160: m3 | E160: =SUM(I160:I160) -> 38 | F160: 3200 | G160: =+E160*F160 -> 121600 | I160: 38
A162: 25 | C162: Retaining walls | D162: m3 | E162: =SUM(I162:I162) -> 0 | F162: 3350 | G162: =+E162*F162 -> 0
A164: 26 | C164: Surface beds including thickenings | D164: m3 | E164: =SUM(I164:I164) -> 33 | F164: 3200 | G164: =+E164*F164 -> 105600 | I164: 33
A166: =A164+1 -> 27 | C166: Elevated Slabs | D166: m3 | E166: =SUM(I166:I166) -> 0 | F166: 3650 | G166: =+E166*F166 -> 0
B168: 8.4.4 | C168: Unformed Surface Finishes
C170: Wood-floated finish to:
A172: =A166+1 -> 28 | C172: Bases | D172: m2 | E172: =SUM(I172:I172) -> 180 | F172: 46 | G172: =+E172*F172 -> 8280 | I172: 180
C174: Power-floated finish to:
A176: =A172+1 -> 29 | C176: Top of surface beds | D176: m2 | E176: =SUM(I176:I176) -> 0 | F176: 75 | G176: =+E176*F176 -> 0
B178: 8.5 | C178: JOINTS
C180: Joints in surface beds:
A182: =A176+1 -> 30 | C182: Joints (B) - Expansion Joint and waterstop in floor or footing | D182: m | E182: =SUM(I182:I182) -> 10 | F182: 375 | G182: =+E182*F182 -> 3750 | I182: 10
A184: =A182+1 -> 31 | C184: Joints (D) - Expansion Joint and waterstop in floor or footing | D184: m | E184: =SUM(I184:I184) -> 32 | F184: 355 | G184: =+E184*F184 -> 11360 | I184: 32
A186: =A184+1 -> 32 | C186: Joints (H) - Isolation Joint and waterstop in floor or footing | D186: m | E186: =SUM(I186:I186) -> 0 | F186: 195 | G186: =+E186*F186 -> 0
C188: Joints (D1) - Saw Cut Joint in floor | D188: m | E188: =SUM(I188:I188) -> 0 | F188: 155 | G188: =+E188*F188 -> 0
A192: CARRIED FORWARD | G192: =SUM(G146:G191) -> 1241226.2
A195: ITEM NO | B195: PAY REF | C195: DESCRIPTION | D195: UNIT | E195: QTY | F195: RATE | G195: AMOUNT
A196: BROUGHT FORWARD | G196: =+G192 -> 1241226.2
C198: Joints in walls:
A200: =A186+1 -> 33 | C200: Joint A (Expansion joint in wall) | D200: m | E200: =SUM(I200:I200) -> 0 | F200: =F182 -> 375 | G200: =+E200*F200 -> 0
A202: =A200+1 -> 34 | C202: Joint E (Contraction joint in wall) | D202: m | E202: =SUM(I202:I202) -> 0 | F202: 395 | G202: =+E202*F202 -> 0
A204: =A202+1 -> 35 | C204: Joint E1 (Contraction joint in wall) | D204: m | E204: =SUM(I204:I204) -> 0 | F204: 395 | G204: =+E204*F204 -> 0
B206: 8.7 | C206: GROUTING
C208: Under bases (or beds):
...

Sheet Piperacks & Stairs
A1: GEORGE BIOMASS POWER PLANT
A2: =Summary!A2 -> NAFASI WATER - ARNOT WASTE TREATMENT PLANT | G2: =Summary!C2 -> Revision T1
A3: =Summary!A3 -> PILING AND CIVIL WORK
A4: SECTION 19 - BILL OF QUANTITIES | G4: =Summary!C4 -> 45183
A6: ITEM NO | B6: PAY REF | C6: DESCRIPTION | D6: UNIT | E6: QTY | F6: RATE | G6: AMOUNT | I6: Piperacks | J6: Staircases
C8: PIPERACKS AND STAIRCASES
B10: SANS 1200F | C10: PILING (BORED PILES) | E10: =IF(SUM(H10:M10)>0,SUM(H10:M10),"")
E11: =IF(SUM(H11:M11)>0,SUM(H11:M11),"")
C12: Move equipment and setup: | E12: =IF(SUM(H12:M12)>0,SUM(H12:M12),"")
E13: =IF(SUM(H13:M13)>0,SUM(H13:M13),"")
A14: 1 | C14: Move equipment to and set up each pile position for heavy bored cast-in-situ piles (610mm diameter) | D14: No | E14: =SUM(I14:N14) -> 0 | F14: 1150 | G14: =+E14*F14 -> 0 | I14: 0 | J14: 0
C16: Bore Holes for Piles:
C17: Bored holes for cast-in-situ piles of 610mm diameter (heavy) through material situated in the following successive depth ranges:
A19: 2 | C19: 0m up to 10m | D19: m | E19: =SUM(I19:N19) -> 0 | F19: 1850 | G19: =+E19*F19 -> 0 | I19: =I14*10 -> 0 | J19: =J14*10 -> 0
A21: 3 | C21: 10m up to 20m | D21: m | E21: =SUM(I21:N21) -> 0 | F21: =F19 -> 1850 | G21: =+E21*F21 -> 0 | I21: =I14*5 -> 0 | J21: =J14*5 -> 0
C23: Forming of Bulbous bases:
A25: 4 | C25: For DCS piles of 610mm diameter | D25: No | E25: =SUM(I25:N25) -> 0 | F25: 1250 | G25: =+E25*F25 -> 0 | I25: =I14 -> 0 | J25: =J14 -> 0
C27: Steel reinforcement in cast-in-situ piles:
A29: 5 | C29: Mild steel, Plain | D29: t | E29: =SUM(I29:N29) -> 0 | F29: 29500 | G29: =+E29*F29 -> 0 | I29: =(I19+I21)*0.00325 -> 0 | J29: =(J19+J21)*0.00325 -> 0
A31: 6 | C31: High yield stress steel | D31: t | E31: =SUM(I31:AG31) -> 0 | F31: 28000 | G31: =+E31*F31 -> 0 | I31: =(I19+I21)*0.0215 -> 0 | J31: =(J19+J21)*0.0215 -> 0
C33: Concrete for cast-in-situ piles, under reams and sockets:
A35: 7 | C35: Compressive Strength 30Mpa/19mm
C37: Piles | D37: m3 | E37: =SUM(I37:N37) -> 0 | F37: 3500 | G37: =+E37*F37 -> 0 | I37: =((I19+I21)*0.292)+(I14*0.75) -> 0 | J37: =((J19+J21)*0.292)+(J14*0.75) -> 0
B39: PSF 8.2.20 | C39: Strip / cut heads off:
A41: 8 | C41: 610mm diameter bored pile | D41: No | E41: =SUM(I41:N41) -> 0 | F41: 875 | G41: =+E41*F41 -> 0 | I41: =I14 -> 0 | J41: =J14 -> 0
B43: SANS 1200D | C43: EARTHWORKS
A45: 9 | B45: 8.3.3 | C45: Rip and scarify in-situ material for a depth of 150mm, breaking down oversize material, adding suitable material where necessary and compact to 93% Mod AASHTO density | D45: m2 | E45: =SUM(I45:N45) -> 0 | F45: 225 | G45: =+E45*F45 -> 0
A48: CARRIED FORWARD | G48: =SUM(G8:G47) -> 0
A51: ITEM NO | B51: PAY REF | C51: DESCRIPTION | D51: UNIT | E51: QTY | F51: RATE | G51: AMOUNT
A52: BROUGHT FORWARD | G52: =+G48 -> 0
B54: 1200D | C54: EARTHWORKS
B56: 8.3.3 | C56: Restricted excavation
C58: Excavation for restricted foundations in all materials and dispose spoil material at a site provided by the Contractor
A60: 10 | C60: Depth up to 2m | D60: m3 | E60: =SUM(I60:N60) -> 910 | F60: 175 | G60: =+E60*F60 -> 159250 | I60: 733 | J60: 177
C62: Extra overs on Item above for:
A64: 11 | C64: Soilcrete backfill under structures as indicated on the drawings or directed by the Engineer | D64: m3 | E64: =SUM(I64:N64) -> 0 | F64: 950 | G64: =+E64*F64 -> 0
C66: (The aggregate of soilcrete shall be mixed with 5% cement of volume and shall consist of approved soil or gravel containing stones, obtained from commercial sources, not bigger than 38mm and with a plasticity index not exceeding 10)
B68: 8.3.4 | C68: Importing of materials
C70: Extra over item for importation of materials from commercial sources:
A72: 12 | C72: Backfill with G5 material compacted to 93% MOD AASHTO from commercial sources selected by the Contractor | D72: m3 | E72: =SUM(I72:N72) -> 660 | F72: 725 | G72: =+E72*F72 -> 478500 | I72: 542 | J72: 118
B74: SANS 1200G | C74: CONCRETE (STRUCTURAL)
B76: 8.2 | C76: SCHEDULED FORMWORK ITEMS
B78: 8.2.1 | C78: Rough:
C80: Vertical formwork to:
A82: 13 | C82: Bases | D82: m2 | E82: =SUM(I82:N82) -> 0 | F82: 475 | G82: =+E82*F82 -> 0
B84: 8.2.2 | C84: Smooth
C86: Vertical formwork to:
A88: 14 | C88: Sides of stub-columns / columns | D88: m2 | E88: =SUM(I88:N88) -> 217 | F88: 750 | G88: =+E88*F88 -> 162750 | I88: 125 | J88: 92
A90: 15 | C90: Sides of bases | D90: m2 | E90: =SUM(I90:N90) -> 534 | F90: 635 | G90: =+E90*F90 -> 339090 | I90: 309 | J90: 225
A92: 16 | C92: Sides of walls | D92: m2 | E92: =SUM(I92:N92) -> 0 | F92: 850 | G92: =+E92*F92 -> 0
A94: 17 | C94: Elevated Slab | D94: m2 | E94: =SUM(I94:N94) -> 0 | F94: 775 | G94: =+E94*F94 -> 0
A96: CARRIED FORWARD | G96: =SUM(G52:G95) -> 1139590
A99: ITEM NO | B99: PAY REF | C99: DESCRIPTION | D99: UNIT | E99: QTY | F99: RATE | G99: AMOUNT
A100: BROUGHT FORWARD | G100: =+G96 -> 1139590
C102: Horisontal Formwork
A104: 18 | C104: Soffits - 8m high | D104: m2 | E104: =SUM(I104:N104) -> 0 | F104: 1150 | G104: =+E104*F104 -> 0
B106: 8.2.5 | C106: Narrow Widths (up to 300mm wide):
A108: 19 | C108: Over 100mm and up to 200mm | D108: m | E108: =SUM(I108:N108) -> 0 | F108: 135 | G108: =+E108*F108 -> 0
B110: 8.2.6 | C110: Box Out Holes / Form Voids:
C112: Small, other than circular, of area up to and including 0.15m2, and in the following depth ranges:
A114: 20 | C114: 0m up to and including 0,5m | D114: No | E114: =SUM(I114:N114) -> 928 | F114: 75 | G114: =+E114*F114 -> 69600 | I114: 520 | J114: 408
C116: Over 0.5m up to 1m | D116: No | E116: =SUM(I116:N116) -> 0 | F116: 275 | G116: =+E116*F116 -> 0
C118: Grooves, chases and splayes:
A120: =A114+1 -> 21 | C120: 25mm x 25mm Chamfers | D120: m | E120: =SUM(I120:AG120) -> 1286 | F120: 36 | G120: =+E120*F120 -> 46296 | I120: 878 | J120: 408
B122: 8.3 | C122: SCHEDULED REINFORCING ITEMS
B124: 8.3.1 | C124: High-tensile steel bars in the following:
A126: =A120+1 -> 22 | C126: All diameters | D126: t | E126: =SUM(I126:N126) -> 29 | F126: 25750 | G126: =+E126*F126 -> 746750 | I126: 22 | J126: 7
B128: 8.3.2 | C128: High Tensile Welded Mesh
A130: =A126+1 -> 23 | C130: Ref.395 mesh reinforcement | D130: m2 | E130: =SUM(I130:N130) -> 0 | F130: 345 | G130: =+E130*F130 -> 0
B132: 8.4 | C132: SCHEDULED CONCRETE ITEMS
B134: 8.4.2 | C134: Blinding layer in:
C136: Class 15Mpa/19mm:
A138: =A130+1 -> 24 | C138: 50mm Thickness | D138: m2 | E138: =SUM(I138:N138) -> 1024 | F138: 175 | G138: =+E138*F138 -> 179200 | I138: 733 | J138: 291
A148: CARRIED FORWARD | G148: =SUM(G100:G147) -> 2181436
A151: ITEM NO | B151: PAY REF | C151: DESCRIPTION | D151: UNIT | E151: QTY | F151: RATE | G151: AMOUNT
A152: BROUGHT FORWARD | G152: =+G148 -> 2181436
C154: Class 30Mpa/19mm in:
A156: =A138+1 -> 25 | C156: Stub-columns / Columns | D156: m3 | E156: =SUM(I156:N156) -> 21 | F156: 3550 | G156: =+E156*F156 -> 74550 | I156: 12 | J156: 9
A158: =A156+1 -> 26 | C158: Bases | D158: m3 | E158: =SUM(I158:N158) -> 250 | F158: 3200 | G158: =+E158*F158 -> 800000 | I158: 191 | J158: 59
A160: 25 | C160: Retaining walls | D160: m3 | E160: =SUM(I160:N160) -> 0 | F160: 3350 | G160: =+E160*F160 -> 0
A162: 26 | C162: Surface beds including thickenings | D162: m3 | E162: =SUM(I162:N162) -> 0 | F162: 3200 | G162: =+E162*F162 -> 0
A164: =A162+1 -> 27 | C164: Elevated Slabs | D164: m3 | E164: =SUM(I164:N164) -> 0 | F164: 3650 | G164: =+E164*F164 -> 0
B166: 8.4.4 | C166: Unformed Surface Finishes
C168: Wood-floated finish to:
A170: =A164+1 -> 28 | C170: Bases | D170: m2 | E170: =SUM(I170:N170) -> 0 | F170: 46 | G170: =+E170*F170 -> 0
C172: Power-floated finish to:
A174: =A170+1 -> 29 | C174: Top of surface beds | D174: m2 | E174: =SUM(I174:N174) -> 595 | F174: 75 | G174: =+E174*F174 -> 44625 | I174: 478 | J174: 117
B176: 8.5 | C176: JOINTS
C178: Joints in surface beds:
A180: =A174+1 -> 30 | C180: Joints (B) - Expansion Joint and waterstop in floor or footing | D180: m | E180: =SUM(I180:N180) -> 0 | F180: 375 | G180: =+E180*F180 -> 0
A182: =A180+1 -> 31 | C182: Joints (C) - Construction Joint | D182: m | E182: =SUM(I182:N182) -> 0 | F182: 355 | G182: =+E182*F182 -> 0
A184: =A182+1 -> 32 | C184: Joints (H) - Isolation Joint and waterstop in floor or footing | D184: m | E184: =SUM(I184:N184) -> 0 | F184: 195 | G184: =+E184*F184 -> 0
C186: Joints (D1) - Saw Cut Joint in floor | D186: m | E186: =SUM(I186:N186) -> 0 | F186: 155 | G186: =+E186*F186 -> 0
C188: Joints in walls:
A190: =A184+1 -> 33 | C190: Joint A (Expansion joint in wall) | D190: m | E190: =SUM(I190:N190) -> 0 | F190: =F180 -> 375 | G190: =+E190*F190 -> 0
A192: =A190+1 -> 34 | C192: Joint E (Contraction joint in wall) | D192: m | E192: =SUM(I192:N192) -> 0 | F192: 395 | G192: =+E192*F192 -> 0
A194: =A192+1 -> 35 | C194: Joint E1 (Contraction joint in wall) | D194: m | E194: =SUM(I194:N194) -> 0 | F194: 395 | G194: =+E194*F194 -> 0
A198: CARRIED FORWARD | G198: =SUM(G152:G197) -> 3100611
A201: ITEM NO | B201: PAY REF | C201: DESCRIPTION | D201: UNIT | E201: QTY | F201: RATE | G201: AMOUNT
A202: BROUGHT FORWARD | G202: =+G198 -> 3100611
...

Sheet Gatehouse
A1: GEORGE BIOMASS POWER PLANT
A2: =Summary!A2 -> NAFASI WATER - ARNOT WASTE TREATMENT PLANT | G2: =Summary!C2 -> Revision T1
A3: =Summary!A3 -> PILING AND CIVIL WORK
A4: SECTION 20 - BILL OF QUANTITIES | G4: =Summary!C4 -> 45183
A6: ITEM NO | B6: PAY REF | C6: DESCRIPTION | D6: UNIT | E6: QTY | F6: RATE | G6: AMOUNT
C8: GATEHOUSE
A10: 1 | C10: Complete works: | D10: m2 | E10: 36 | F10: 12000 | G10: =+E10*F10 -> 432000
C11: Complete amount of works required to construct structure | E11: =IF(SUM(H11:H11)>0,SUM(H11:H11),"")
A50: TOTAL AMOUNT FOR SECTION CARRIED TO SUMMARY | G50: =G10 -> 432000

Sheet Changehouse and ablutions
A1: GEORGE BIOMASS POWER PLANT
A2: =Summary!A2 -> NAFASI WATER - ARNOT WASTE TREATMENT PLANT | G2: =Summary!C2 -> Revision T1
A3: =Summary!A3 -> PILING AND CIVIL WORK
A4: SECTION 21 - BILL OF QUANTITIES | G4: =Summary!C4 -> 45183
A6: ITEM NO | B6: PAY REF | C6: DESCRIPTION | D6: UNIT | E6: QTY | F6: RATE | G6: AMOUNT
C8: CHANGEHOUSE AND ABLUTIONS
A10: 1 | C10: Complete works: | D10: m2 | E10: 177 | F10: 18000 | G10: =+E10*F10 -> 3186000
C11: Complete amount of works required to construct structure | E11: =IF(SUM(H11:M11)>0,SUM(H11:M11),"")
A50: TOTAL AMOUNT FOR SECTION CARRIED TO SUMMARY | G50: =G10 -> 3186000

Sheet Offices
A1: GEORGE BIOMASS POWER PLANT
A2: =Summary!A2 -> NAFASI WATER - ARNOT WASTE TREATMENT PLANT | G2: =Summary!C2 -> Revision T1
A3: =Summary!A3 -> PILING AND CIVIL WORK
A4: SECTION 22 - BILL OF QUANTITIES | G4: =Summary!C4 -> 45183
A6: ITEM NO | B6: PAY REF | C6: DESCRIPTION | D6: UNIT | E6: QTY | F6: RATE | G6: AMOUNT
C8: OFFICE BUILDING
A10: 1 | C10: Complete works: | D10: m2 | E10: 176 | F10: 16000 | G10: =+E10*F10 -> 2816000
C11: Complete amount of works required to construct structure | E11: =IF(SUM(H11:M11)>0,SUM(H11:M11),"")
A50: TOTAL AMOUNT FOR SECTION CARRIED TO SUMMARY | G50: =G10 -> 2816000

Sheet Compressed Air
A1: GEORGE BIOMASS POWER PLANT
A2: =Summary!A2 -> NAFASI WATER - ARNOT WASTE TREATMENT PLANT | G2: =Summary!C2 -> Revision T1
A3: =Summary!A3 -> PILING AND CIVIL WORK
A4: SECTION 23 - BILL OF QUANTITIES | G4: =Summary!C4 -> 45183
A6: ITEM NO | B6: PAY REF | C6: DESCRIPTION | D6: UNIT | E6: QTY | F6: RATE | G6: AMOUNT
C8: COMPRESSED AIR BUILDING
A10: 1 | C10: Complete works: | D10: m2 | E10: 141 | F10: 10000 | G10: =+E10*F10 -> 1410000
C11: Complete amount of works required to construct structure | E11: =IF(SUM(H11:M11)>0,SUM(H11:M11),"")
A50: TOTAL AMOUNT FOR SECTION CARRIED TO SUMMARY | G50: =G10 -> 1410000

Sheet MCC1 Building
A1: GEORGE BIOMASS POWER PLANT
A2: =Summary!A2 -> NAFASI WATER - ARNOT WASTE TREATMENT PLANT | G2: =Summary!C2 -> Revision T1
A3: =Summary!A3 -> PILING AND CIVIL WORK
A4: SECTION 24 - BILL OF QUANTITIES | G4: =Summary!C4 -> 45183
A6: ITEM NO | B6: PAY REF | C6: DESCRIPTION | D6: UNIT | E6: QTY | F6: RATE | G6: AMOUNT
C8: MCC 1 BUILDING
A10: 1 | C10: Complete works: | D10: m2 | E10: =112 -> 112 | F10: 24000 | G10: =+E10*F10 -> 2688000
C11: Complete amount of works required to construct structure | E11: =IF(SUM(H11:M11)>0,SUM(H11:M11),"")
A50: TOTAL AMOUNT FOR SECTION CARRIED TO SUMMARY | G50: =G10 -> 2688000

Sheet Summary
A2: NAFASI WATER - ARNOT WASTE TREATMENT PLANT | C2: Revision T1
A3: PILING AND CIVIL WORK
A4: SUMMARY - BILL OF QUANTITIES | C4: 45183
A6: SECTION | B6: DESCRIPTION | C6: AMOUNT (R)
A8: 1 | B8: PRELIMINARY AND GENERAL | C8: ='P&G'!G175 -> 19004796
A10: 2 | B10: ='RO Building'!C8 -> RO BUILDING | C10: ='RO Building'!G332 -> 5735617 | E10: =C10 -> 5735617
A12: 3 | B12: ='Chemical Store'!C8 -> CHEMICAL STORE | C12: ='Chemical Store'!G335 -> 1413483 | E12: =C12 -> 1413483
A14: 4 | B14: =Workshop!C8 -> WORKSHOP BUILDING | C14: =Workshop!G335 -> 1609581 | E14: =C14 -> 1609581
A16: 5 | B16: ='MCC2 Foundations'!C8 -> MCC 2 BUILDING FOUNDATIONS | C16: ='MCC2 Foundations'!G335 -> 119393 | E16: =C16 -> 119393
A18: 6 | B18: ='Ozone Foundations'!C8 -> OZONE BUILDING FOUNDATIONS | C18: ='Ozone Foundations'!G335 -> 129518 | E18: =C18 -> 129518
A20: 7 | B20: ='Water Tanks Foundations'!C8 -> WATER TANKS FOUNDATIONS | C20: ='Water Tanks Foundations'!G335 -> 1941979.4 | E20: =C20 -> 1941979.4
A22: 8 | B22: ='Sulpheric Tank Bunded '!C8 -> SULPHERIC TANKS BUNDED AREA | C22: ='Sulpheric Tank Bunded '!G335 -> 583707.34 | E22: =C22 -> 583707.34
A24: 9 | B24: ='Chemical Dosing Bunded'!C8 -> CHEMICAL DOSING BUNDED AREA | C24: ='Chemical Dosing Bunded'!G335 -> 1423482.3 | E24: =C24 -> 1423482.3
A26: 10 | B26: ='S1 Tank Bunded '!C8 -> S1 TANK BUNDED AREA | C26: ='S1 Tank Bunded '!G335 -> 1356883.3 | E26: =C26 -> 1356883.3
A28: 11 | B28: ='Lime System Bunded'!C8 -> LIME SYSTEM BUNDED AREA | C28: ='Lime System Bunded'!G335 -> 970131.84 | E28: =C28 -> 970131.84
A30: 12 | B30: ='Mixed Slurry Bunded'!C8 -> MIXED SLURRY BUNDED AREA | C30: ='Mixed Slurry Bunded'!G335 -> 3650323.7 | E30: =C30 -> 3650323.7
A32: 13 | B32: ='Centrifuge Bunded'!C8 -> CENTRIFUGE BUNDED AREA | C32: ='Centrifuge Bunded'!G335 -> 916393.7 | E32: =C32 -> 916393.7
A34: 14 | B34: ='Stockpile and Crane'!C8 -> STOCKPILE AND CRANE HARDSTANDS | C34: ='Stockpile and Crane'!G335 -> 2890482 | E34: =C34 -> 2890482
A36: 15 | B36: ='Stage 1 & 2 Clarifiers'!C8 -> STAGE 1 AND STAGE 2 CLARIFIERS | C36: ='Stage 1 & 2 Clarifiers'!G332 -> 10174878 | E36: =C36 -> 10174878
A38: 16 | B38: ='Brine Treatment Plant'!C8 -> BRINE TREATMENT PLANT | C38: ='Brine Treatment Plant'!G332 -> 4798867 | E38: =C38 -> 4798867
A40: 17 | B40: ='Transformer Bunded'!C8 -> TRANSFORMER BUNDED AREA | C40: ='Transformer Bunded'!G335 -> 1194035.3 | E40: =C40 -> 1194035.3
A42: 18 | B42: ='Weigh Bridge'!C8 -> WEIGH BRIDGE | C42: ='Weigh Bridge'!G327 -> 1254351.2 | E42: =C42 -> 1254351.2
A44: 19 | B44: ='Piperacks & Stairs'!C8 -> PIPERACKS AND STAIRCASES | C44: ='Piperacks & Stairs'!G335 -> 3604311 | E44: =C44 -> 3604311
A46: 20 | B46: =Gatehouse!C8 -> GATEHOUSE | C46: =Gatehouse!G50 -> 432000 | E46: =C46 -> 432000
A48: 21 | B48: ='Changehouse and ablutions'!C8 -> CHANGEHOUSE AND ABLUTIONS | C48: ='Changehouse and ablutions'!G50 -> 3186000 | E48: =C48 -> 3186000
A50: 22 | B50: =Offices!C8 -> OFFICE BUILDING | C50: =Offices!G50 -> 2816000 | E50: =C50 -> 2816000
A52: 23 | B52: ='Compressed Air'!C8 -> COMPRESSED AIR BUILDING | C52: ='Compressed Air'!G50 -> 1410000 | E52: =C52 -> 1410000
A54: 24 | B54: ='MCC1 Building'!C8 -> MCC 1 BUILDING | C54: ='MCC1 Building'!G50 -> 2688000 | E54: =C54 -> 2688000 | F54: =SUM(E10:E54) -> 54299418
A56: TOTAL AMOUNT CARRIED TO LETTER OF TENDER (VAT EXCLUDED) | C56: =SUM(C8:C55) -> 73304215
