Workbook
Name IHDR1: #REF!
Name IHDR2: #REF!
Name Item1: #REF!
Name Item2: #REF!

Sheet 1200C
G1: SANS 1200 C
A2: PAYMENT
A3: REFERS | B3: ITEM | C3: DESCRIPTION | D3: UNIT | E3: QUANTITY | F3: RATE | G3: AMOUNT
A4: TO | B4: NO
A5: SANS 1200C | B5: 130 | C5: SITE CLEARANCE
A7: 8.2.1 | B7: 130.01 | C7: Clear and grub:
C9: .01 Clear and grub vegetation and trees of girth up to 1 m and dispose of as directed by the Engineer within freehaul distance of 2km | D9: ha | E9: 0.1 | F9: 10500 | G9: =E9*F9 -> 1050
A11: 8.2.2 | B11: 130.02 | C11: Remove and grub large trees and tree stumps of girth:
C13: .01 Over 1,0 m and up to and including 2,0 m | D13: number | E13: 1 | F13: 2500 | G13: =E13*F13 -> 2500
C15: .02 Over 2,0 m and up to and including 3,0 m | D15: number | E15: 1 | F15: 50000 | G15: =E15*F15 -> 50000
A17: 8.2.4 | B17: 130.03 | C17: Reclear surfaces (only on instructions from the Engineer):
C19: Take down existing fences | D19: km | E19: 0.1 | F19: 2500 | G19: =E19*F19 -> 250
A21: 8.2.10 | B21: 130.04 | C21: Remove topsoil to nominal depth of 150 mm and stockpile | D21: m³ | E21: 15 | F21: 115 | G21: =E21*F21 -> 1725
A50: 1200 C | B50: TOTAL CARRIED TO SUMMARY PAGE | G50: =SUM(G9:G21) -> 55525

Sheet 1200D
G1: SANS 1200 D
A2: PAYMENT
A3: REFERS | B3: ITEM | C3: DESCRIPTION | D3: UNIT | E3: QUANTITY | F3: RATE | G3: AMOUNT
A4: TO | B4: NO
A5: SANS 1200D | B5: 140 | C5: EARTHWORKS
A7: 8.3.2 | B7: 140.01 | C7: Bulk excavation:
C9: .01 Excavate in all materials and stockpile:
C11: .01 Access road | D11: m³ | E11: 400 | F11: 115 | G11: =E11*F11 -> 46000
C13: .03 Extra over items 140.01
C15: .01 Intermediate excavation | D15: m³ | E15: 20 | F15: 250 | G15: =E15*F15 -> 5000
C17: .02 Hard rock excavation | D17: m³ | E17: 5 | F17: 375 | G17: =E17*F17 -> 1875
A19: 8.3.4 | B19: 140.02 | C19: Importing of materials:
C21: .01 Extra-over for importation of materials from commercial sources G6 material for the access road | D21: m³ | E21: 5500 | F21: 625 | G21: =E21*F21 -> 3437500
C23: .02 Extra-over for importation of materials from commercial sources wearing course material for the access road | D23: m³ | E23: 5500 | F23: 625 | G23: =E23*F23 -> 3437500
A25: 8.3.6 | B25: 140.03 | C25: Overhaul:
C27: .01 Limited overhaul | D27: m³ | E27: 11000 | G27: =E27*F27 -> 0
C29: .02 Long overhaul | D29: m³-km | G29: Rate Only
A52: 1200 D | B52: TOTAL CARRIED TO SUMMARY PAGE | G52: =SUM(G11:G27) -> 6927875

Sheet 1200DM
G1: SANS 1200 DM
A2: PAYMENT
A3: REFERS | B3: ITEM | C3: DESCRIPTION | D3: UNIT | E3: QUANTITY | F3: RATE | G3: AMOUNT
A4: TO | B4: NO
A5: SANS 1200DM | B5: 147 | C5: EARTHWORKS (ROADS, SUBGRADE)
A7: 8.3.3 | B7: 147.01 | C7: Treatment of roadbed:
C9: .01 Roadbed preparation and compaction of material to:
C11: .01 Minimum of 90% of modified AASHTO maximum density for parking area | D11: m³ | E11: 2500 | F11: 23 | G11: =E11*F11 -> 57500
C13: .02 In-place treatment of roadbed in intermediate or hard material by:
C15: .01 Ripping | D15: m³ | E15: 5 | F15: 3250 | G15: =E15*F15 -> 16250
A17: 8.3.4 | B17: 147.02 | C17: Cut to fill:
C19: .01 Compact to 95% of modified AASHTO maximum density | D19: m³ | G19: Rate Only
A21: PSDM 8.3.4 | B21: 147.03 | C21: Borrow to fill:
C23: .01 Compact to 95% of Mod. AASHTO max. density
C25: .01 Extra-over for importation of materials from commercial sources G6 material for the access road | D25: m³ | G25: Rate Only
A27: 8.3.16 | B27: 147.04 | C27: Gravel surface layer
C29: .01 Construct the gravel wearing course with material from commercial sources | D29: m³ | E29: 5500 | F29: 755 | G29: =E29*F29 -> 4152500
A47: 1200 DM | B47: TOTAL CARRIED TO SUMMARY PAGE | G47: =G11+G15+G29 -> 4226250

Sheet 1200LE
G1: SANS 1200 LE
A2: PAYMENT
A3: REFERS | B3: ITEM | C3: DESCRIPTION | D3: UNIT | E3: QUANTITY | F3: RATE | G3: AMOUNT
A4: TO | B4: NO
A5: SANS 1200LE | B5: 214 | C5: STORMWATER DRAINAGE
A7: 8.2.2 | B7: 214.01 | C7: Supply and lay class C portal and rectangular culverts:
C9: .01 Complete with precast invert slab:
C11: .01 1500 mm x 900 mm | D11: m | E11: 32 | F11: 4250 | G11: =E11*F11 -> 136000
B13: 214.02 | C13: Scheduled formwork items:
A15: 8.2.1 | C15: .01 Rough | D15: m² | E15: 100 | F15: 560 | G15: =E15*F15 -> 56000
A17: 8.3 | B17: 214.03 | C17: Scheduled reinforcement items:
A19: 8.3.2 | C19: .01 High-tensile welded mesh, ref. number 395 | D19: m² | E19: 100 | F19: 365 | G19: =E19*F19 -> 36500
C21: .02 High-tensile welded mesh, ref. number 617 | D21: m² | E21: 80 | F21: 465 | G21: =E21*F21 -> 37200
A23: 8.4 | B23: 214.04 | C23: Scheduled concrete items:
A25: 8.4.2 | C25: .01 Blinding layer in:
C27: .01 Grade 10 concrete, minimum thickness 50 mm | D27: m² | E27: 60 | F27: 165 | G27: =E27*F27 -> 9900
A29: 8.4.3 | C29: .02 Strength concrete:
C31: .01 Class 35MPa/ 19. mm concrete in slabs | D31: m³ | E31: 44 | F31: 3250 | G31: =E31*F31 -> 143000
C33: .02 Class 35MPa/19. mm concrete in wing walls | D33: m³ | E33: 5 | F33: 3250 | G33: =E33*F33 -> 16250
A35: 8.4.4 | C35: .03 Unformed surface finishes:
C37: .01 Wood-floated finish | D37: m² | E37: 57 | F37: 60 | G37: =E37*F37 -> 3420
A50: 1200 LE | B50: TOTAL CARRIED TO SUMMARY PAGE | G50: =SUM(G11:G37) -> 438270

Sheet 1200MM
G1: SANS 1200 MM
A2: PAYMENT
A3: REFERS | B3: ITEM | C3: DESCRIPTION | D3: UNIT | E3: QUANTITY | F3: RATE | G3: AMOUNT
A4: TO | B4: NO
A5: SANS 1200MM | B5: 229 | C5: ANCILLARY ROADWORKS
C7: GUARDRAILS
A9: 8.2.1 | B9: 229.01 | C9: Guardrails on timber posts:
C11: .01 Galvanized | D11: m | E11: 20 | F11: 10000 | G11: =E11*F11 -> 200000
A13: 8.2.3 | B13: 229.02 | C13: End units
C15: .01 End units | D15: number | E15: 4 | F15: 2500 | G15: =E15*F15 -> 10000
A17: 8.3.1 | B17: 229.03 | C17: Road signs including sign faces, retro-reflective material, timber sign supports, excavation, concrete footings, backfilling etc. complete.
C19: .01 Aluminium sheet (2,0 mm thick), of area:
C21: .01 Up to 2 m² | D21: m² | E21: 5 | F21: 2500 | G21: =E21*F21 -> 12500
A52: 1200 MM | B52: TOTAL CARRIED TO SUMMARY PAGE | G52: =SUM(G11:G21) -> 222500

Sheet Summary
A1: SUMMARY OF SCHEDULE OF QUANTITIES - BILL 15
A4: SANS 1200 C | B4: SITE CLEARANCE | C4: ='1200C'!G50 -> 55525
A5: SANS 1200 D | B5: EARTHWORKS | C5: ='1200D'!G52 -> 6927875
A6: SANS 1200 DM | B6: EARTHWORKS (ROADS, SUBGRADE) | C6: ='1200DM'!G47 -> 4226250
A7: SANS 1200 LE | B7: STORMWATER DRAINAGE | C7: ='1200LE'!G50 -> 438270
A8: SANS 1200 MM | B8: ANCILLARY ROADWORKS | C8: ='1200MM'!G52 -> 222500
A31: BILL 15 SUM CARRIED TO SUMMARY OF CONVEYANCE TENDER | C31: =SUM(C4:C8) -> 11870420
